;Ano;Unidade da Federação;Tipo de esgotamento sanitário;% moradores em domicílios particulares permanentes
0;2004.0;Rondônia;Rede coletora;3.4
1;2004.0;Rondônia;Fossa séptica;39.7
2;2004.0;Rondônia;Fossa rudimentar;51.5
3;2004.0;Rondônia;Vala;1.7
4;2004.0;Rondônia;Direto para rio, lago ou mar;1.0
5;2004.0;Rondônia;Outro tipo;0.0
6;2004.0;Rondônia;Não tinham;2.6
7;2004.0;Acre;Rede coletora;23.8
8;2004.0;Acre;Fossa séptica;29.8
9;2004.0;Acre;Fossa rudimentar;19.9
10;2004.0;Acre;Vala;14.6
11;2004.0;Acre;Direto para rio, lago ou mar;4.7
12;2004.0;Acre;Outro tipo;0.0
13;2004.0;Acre;Não tinham;7.2
14;2004.0;Amazonas;Rede coletora;5.0
15;2004.0;Amazonas;Fossa séptica;60.2
16;2004.0;Amazonas;Fossa rudimentar;22.7
17;2004.0;Amazonas;Vala;3.9
18;2004.0;Amazonas;Direto para rio, lago ou mar;3.0
19;2004.0;Amazonas;Outro tipo;0.2
20;2004.0;Amazonas;Não tinham;5.0
21;2004.0;Roraima;Rede coletora;5.1
22;2004.0;Roraima;Fossa séptica;84.8
23;2004.0;Roraima;Fossa rudimentar;8.0
24;2004.0;Roraima;Vala;0.0
25;2004.0;Roraima;Direto para rio, lago ou mar;0.1
26;2004.0;Roraima;Outro tipo;0.0
27;2004.0;Roraima;Não tinham;2.0
28;2004.0;Pará;Rede coletora;3.4
29;2004.0;Pará;Fossa séptica;63.4
30;2004.0;Pará;Fossa rudimentar;26.4
31;2004.0;Pará;Vala;1.6
32;2004.0;Pará;Direto para rio, lago ou mar;0.8
33;2004.0;Pará;Outro tipo;0.0
34;2004.0;Pará;Não tinham;4.3
35;2004.0;Amapá;Rede coletora;4.5
36;2004.0;Amapá;Fossa séptica;13.3
37;2004.0;Amapá;Fossa rudimentar;60.6
38;2004.0;Amapá;Vala;7.6
39;2004.0;Amapá;Direto para rio, lago ou mar;11.7
40;2004.0;Amapá;Outro tipo;0.0
41;2004.0;Amapá;Não tinham;2.2
42;2004.0;Tocantins;Rede coletora;4.7
43;2004.0;Tocantins;Fossa séptica;32.8
44;2004.0;Tocantins;Fossa rudimentar;57.3
45;2004.0;Tocantins;Vala;0.0
46;2004.0;Tocantins;Direto para rio, lago ou mar;0.0
47;2004.0;Tocantins;Outro tipo;0.0
48;2004.0;Tocantins;Não tinham;5.1
49;2004.0;Maranhão;Rede coletora;15.4
50;2004.0;Maranhão;Fossa séptica;46.3
51;2004.0;Maranhão;Fossa rudimentar;19.6
52;2004.0;Maranhão;Vala;1.7
53;2004.0;Maranhão;Direto para rio, lago ou mar;1.8
54;2004.0;Maranhão;Outro tipo;0.2
55;2004.0;Maranhão;Não tinham;14.9
56;2004.0;Piauí;Rede coletora;5.3
57;2004.0;Piauí;Fossa séptica;68.3
58;2004.0;Piauí;Fossa rudimentar;13.9
59;2004.0;Piauí;Vala;0.0
60;2004.0;Piauí;Direto para rio, lago ou mar;0.3
61;2004.0;Piauí;Outro tipo;0.3
62;2004.0;Piauí;Não tinham;11.9
63;2004.0;Ceará;Rede coletora;30.5
64;2004.0;Ceará;Fossa séptica;16.5
65;2004.0;Ceará;Fossa rudimentar;45.1
66;2004.0;Ceará;Vala;0.3
67;2004.0;Ceará;Direto para rio, lago ou mar;1.4
68;2004.0;Ceará;Outro tipo;0.0
69;2004.0;Ceará;Não tinham;6.2
70;2004.0;Rio Grande do Norte;Rede coletora;17.7
71;2004.0;Rio Grande do Norte;Fossa séptica;43.3
72;2004.0;Rio Grande do Norte;Fossa rudimentar;35.5
73;2004.0;Rio Grande do Norte;Vala;0.8
74;2004.0;Rio Grande do Norte;Direto para rio, lago ou mar;0.6
75;2004.0;Rio Grande do Norte;Outro tipo;0.0
76;2004.0;Rio Grande do Norte;Não tinham;2.1
77;2004.0;Paraíba;Rede coletora;37.6
78;2004.0;Paraíba;Fossa séptica;28.2
79;2004.0;Paraíba;Fossa rudimentar;26.9
80;2004.0;Paraíba;Vala;2.2
81;2004.0;Paraíba;Direto para rio, lago ou mar;1.6
82;2004.0;Paraíba;Outro tipo;0.3
83;2004.0;Paraíba;Não tinham;3.2
84;2004.0;Pernambuco;Rede coletora;43.3
85;2004.0;Pernambuco;Fossa séptica;4.1
86;2004.0;Pernambuco;Fossa rudimentar;41.6
87;2004.0;Pernambuco;Vala;2.7
88;2004.0;Pernambuco;Direto para rio, lago ou mar;4.7
89;2004.0;Pernambuco;Outro tipo;0.5
90;2004.0;Pernambuco;Não tinham;3.1
91;2004.0;Alagoas;Rede coletora;6.8
92;2004.0;Alagoas;Fossa séptica;10.8
93;2004.0;Alagoas;Fossa rudimentar;74.0
94;2004.0;Alagoas;Vala;3.2
95;2004.0;Alagoas;Direto para rio, lago ou mar;1.4
96;2004.0;Alagoas;Outro tipo;0.3
97;2004.0;Alagoas;Não tinham;3.6
98;2004.0;Sergipe;Rede coletora;58.5
99;2004.0;Sergipe;Fossa séptica;27.2
100;2004.0;Sergipe;Fossa rudimentar;11.1
101;2004.0;Sergipe;Vala;1.1
102;2004.0;Sergipe;Direto para rio, lago ou mar;0.3
103;2004.0;Sergipe;Outro tipo;0.0
104;2004.0;Sergipe;Não tinham;1.9
105;2004.0;Bahia;Rede coletora;54.5
106;2004.0;Bahia;Fossa séptica;11.2
107;2004.0;Bahia;Fossa rudimentar;24.9
108;2004.0;Bahia;Vala;1.8
109;2004.0;Bahia;Direto para rio, lago ou mar;2.4
110;2004.0;Bahia;Outro tipo;0.1
111;2004.0;Bahia;Não tinham;5.1
112;2004.0;Minas Gerais;Rede coletora;86.1
113;2004.0;Minas Gerais;Fossa séptica;1.3
114;2004.0;Minas Gerais;Fossa rudimentar;9.6
115;2004.0;Minas Gerais;Vala;0.3
116;2004.0;Minas Gerais;Direto para rio, lago ou mar;2.0
117;2004.0;Minas Gerais;Outro tipo;0.1
118;2004.0;Minas Gerais;Não tinham;0.7
119;2004.0;Espírito Santo;Rede coletora;68.9
120;2004.0;Espírito Santo;Fossa séptica;17.7
121;2004.0;Espírito Santo;Fossa rudimentar;7.4
122;2004.0;Espírito Santo;Vala;2.9
123;2004.0;Espírito Santo;Direto para rio, lago ou mar;2.0
124;2004.0;Espírito Santo;Outro tipo;0.0
125;2004.0;Espírito Santo;Não tinham;1.0
126;2004.0;Rio de Janeiro;Rede coletora;58.6
127;2004.0;Rio de Janeiro;Fossa séptica;30.6
128;2004.0;Rio de Janeiro;Fossa rudimentar;2.6
129;2004.0;Rio de Janeiro;Vala;4.5
130;2004.0;Rio de Janeiro;Direto para rio, lago ou mar;2.9
131;2004.0;Rio de Janeiro;Outro tipo;0.4
132;2004.0;Rio de Janeiro;Não tinham;0.4
133;2004.0;São Paulo;Rede coletora;89.6
134;2004.0;São Paulo;Fossa séptica;3.4
135;2004.0;São Paulo;Fossa rudimentar;2.5
136;2004.0;São Paulo;Vala;0.8
137;2004.0;São Paulo;Direto para rio, lago ou mar;3.5
138;2004.0;São Paulo;Outro tipo;0.0
139;2004.0;São Paulo;Não tinham;0.2
140;2004.0;Paraná;Rede coletora;48.3
141;2004.0;Paraná;Fossa séptica;26.1
142;2004.0;Paraná;Fossa rudimentar;23.1
143;2004.0;Paraná;Vala;0.5
144;2004.0;Paraná;Direto para rio, lago ou mar;1.2
145;2004.0;Paraná;Outro tipo;0.0
146;2004.0;Paraná;Não tinham;1.0
147;2004.0;Santa Catarina;Rede coletora;18.0
148;2004.0;Santa Catarina;Fossa séptica;70.4
149;2004.0;Santa Catarina;Fossa rudimentar;7.8
150;2004.0;Santa Catarina;Vala;0.5
151;2004.0;Santa Catarina;Direto para rio, lago ou mar;2.7
152;2004.0;Santa Catarina;Outro tipo;0.0
153;2004.0;Santa Catarina;Não tinham;0.6
154;2004.0;Rio Grande do Sul;Rede coletora;13.1
155;2004.0;Rio Grande do Sul;Fossa séptica;75.1
156;2004.0;Rio Grande do Sul;Fossa rudimentar;9.4
157;2004.0;Rio Grande do Sul;Vala;1.0
158;2004.0;Rio Grande do Sul;Direto para rio, lago ou mar;0.6
159;2004.0;Rio Grande do Sul;Outro tipo;0.0
160;2004.0;Rio Grande do Sul;Não tinham;0.8
161;2004.0;Mato Grosso do Sul;Rede coletora;9.0
162;2004.0;Mato Grosso do Sul;Fossa séptica;3.3
163;2004.0;Mato Grosso do Sul;Fossa rudimentar;86.9
164;2004.0;Mato Grosso do Sul;Vala;0.2
165;2004.0;Mato Grosso do Sul;Direto para rio, lago ou mar;0.1
166;2004.0;Mato Grosso do Sul;Outro tipo;0.0
167;2004.0;Mato Grosso do Sul;Não tinham;0.6
168;2004.0;Mato Grosso;Rede coletora;13.9
169;2004.0;Mato Grosso;Fossa séptica;33.1
170;2004.0;Mato Grosso;Fossa rudimentar;50.1
171;2004.0;Mato Grosso;Vala;0.5
172;2004.0;Mato Grosso;Direto para rio, lago ou mar;0.0
173;2004.0;Mato Grosso;Outro tipo;0.0
174;2004.0;Mato Grosso;Não tinham;2.4
175;2004.0;Goiás;Rede coletora;33.2
176;2004.0;Goiás;Fossa séptica;2.0
177;2004.0;Goiás;Fossa rudimentar;63.4
178;2004.0;Goiás;Vala;0.0
179;2004.0;Goiás;Direto para rio, lago ou mar;0.4
180;2004.0;Goiás;Outro tipo;0.1
181;2004.0;Goiás;Não tinham;0.9
182;2004.0;Distrito Federal;Rede coletora;86.2
183;2004.0;Distrito Federal;Fossa séptica;10.7
184;2004.0;Distrito Federal;Fossa rudimentar;2.7
185;2004.0;Distrito Federal;Vala;0.1
186;2004.0;Distrito Federal;Direto para rio, lago ou mar;0.0
187;2004.0;Distrito Federal;Outro tipo;0.0
188;2004.0;Distrito Federal;Não tinham;0.2
189;2005.0;Rondônia;Rede coletora;2.4
190;2005.0;Rondônia;Fossa séptica;54.8
191;2005.0;Rondônia;Fossa rudimentar;39.6
192;2005.0;Rondônia;Vala;1.1
193;2005.0;Rondônia;Direto para rio, lago ou mar;0.4
194;2005.0;Rondônia;Outro tipo;0.1
195;2005.0;Rondônia;Não tinham;1.6
196;2005.0;Acre;Rede coletora;23.5
197;2005.0;Acre;Fossa séptica;32.8
198;2005.0;Acre;Fossa rudimentar;22.3
199;2005.0;Acre;Vala;14.2
200;2005.0;Acre;Direto para rio, lago ou mar;2.9
201;2005.0;Acre;Outro tipo;0.0
202;2005.0;Acre;Não tinham;4.3
203;2005.0;Amazonas;Rede coletora;2.6
204;2005.0;Amazonas;Fossa séptica;60.4
205;2005.0;Amazonas;Fossa rudimentar;24.5
206;2005.0;Amazonas;Vala;1.7
207;2005.0;Amazonas;Direto para rio, lago ou mar;8.1
208;2005.0;Amazonas;Outro tipo;0.0
209;2005.0;Amazonas;Não tinham;2.9
210;2005.0;Roraima;Rede coletora;11.2
211;2005.0;Roraima;Fossa séptica;72.1
212;2005.0;Roraima;Fossa rudimentar;13.6
213;2005.0;Roraima;Vala;1.2
214;2005.0;Roraima;Direto para rio, lago ou mar;0.3
215;2005.0;Roraima;Outro tipo;0.0
216;2005.0;Roraima;Não tinham;1.5
217;2005.0;Pará;Rede coletora;4.2
218;2005.0;Pará;Fossa séptica;64.2
219;2005.0;Pará;Fossa rudimentar;23.6
220;2005.0;Pará;Vala;1.4
221;2005.0;Pará;Direto para rio, lago ou mar;0.8
222;2005.0;Pará;Outro tipo;0.1
223;2005.0;Pará;Não tinham;5.6
224;2005.0;Amapá;Rede coletora;1.0
225;2005.0;Amapá;Fossa séptica;59.4
226;2005.0;Amapá;Fossa rudimentar;23.0
227;2005.0;Amapá;Vala;3.2
228;2005.0;Amapá;Direto para rio, lago ou mar;12.6
229;2005.0;Amapá;Outro tipo;0.0
230;2005.0;Amapá;Não tinham;0.8
231;2005.0;Tocantins;Rede coletora;7.2
232;2005.0;Tocantins;Fossa séptica;24.0
233;2005.0;Tocantins;Fossa rudimentar;63.9
234;2005.0;Tocantins;Vala;0.8
235;2005.0;Tocantins;Direto para rio, lago ou mar;0.4
236;2005.0;Tocantins;Outro tipo;0.0
237;2005.0;Tocantins;Não tinham;3.7
238;2005.0;Maranhão;Rede coletora;10.9
239;2005.0;Maranhão;Fossa séptica;55.0
240;2005.0;Maranhão;Fossa rudimentar;16.1
241;2005.0;Maranhão;Vala;2.1
242;2005.0;Maranhão;Direto para rio, lago ou mar;0.9
243;2005.0;Maranhão;Outro tipo;0.2
244;2005.0;Maranhão;Não tinham;14.7
245;2005.0;Piauí;Rede coletora;5.8
246;2005.0;Piauí;Fossa séptica;71.6
247;2005.0;Piauí;Fossa rudimentar;12.2
248;2005.0;Piauí;Vala;0.3
249;2005.0;Piauí;Direto para rio, lago ou mar;0.0
250;2005.0;Piauí;Outro tipo;0.1
251;2005.0;Piauí;Não tinham;10.0
252;2005.0;Ceará;Rede coletora;27.2
253;2005.0;Ceará;Fossa séptica;23.1
254;2005.0;Ceará;Fossa rudimentar;41.7
255;2005.0;Ceará;Vala;1.3
256;2005.0;Ceará;Direto para rio, lago ou mar;1.0
257;2005.0;Ceará;Outro tipo;0.2
258;2005.0;Ceará;Não tinham;5.6
259;2005.0;Rio Grande do Norte;Rede coletora;18.4
260;2005.0;Rio Grande do Norte;Fossa séptica;49.3
261;2005.0;Rio Grande do Norte;Fossa rudimentar;29.0
262;2005.0;Rio Grande do Norte;Vala;0.9
263;2005.0;Rio Grande do Norte;Direto para rio, lago ou mar;0.3
264;2005.0;Rio Grande do Norte;Outro tipo;0.1
265;2005.0;Rio Grande do Norte;Não tinham;2.0
266;2005.0;Paraíba;Rede coletora;43.6
267;2005.0;Paraíba;Fossa séptica;19.8
268;2005.0;Paraíba;Fossa rudimentar;29.1
269;2005.0;Paraíba;Vala;3.2
270;2005.0;Paraíba;Direto para rio, lago ou mar;1.2
271;2005.0;Paraíba;Outro tipo;0.1
272;2005.0;Paraíba;Não tinham;3.0
273;2005.0;Pernambuco;Rede coletora;45.2
274;2005.0;Pernambuco;Fossa séptica;4.7
275;2005.0;Pernambuco;Fossa rudimentar;39.7
276;2005.0;Pernambuco;Vala;2.9
277;2005.0;Pernambuco;Direto para rio, lago ou mar;4.4
278;2005.0;Pernambuco;Outro tipo;0.5
279;2005.0;Pernambuco;Não tinham;2.7
280;2005.0;Alagoas;Rede coletora;10.3
281;2005.0;Alagoas;Fossa séptica;30.1
282;2005.0;Alagoas;Fossa rudimentar;51.4
283;2005.0;Alagoas;Vala;4.1
284;2005.0;Alagoas;Direto para rio, lago ou mar;0.9
285;2005.0;Alagoas;Outro tipo;0.1
286;2005.0;Alagoas;Não tinham;3.0
287;2005.0;Sergipe;Rede coletora;40.2
288;2005.0;Sergipe;Fossa séptica;44.4
289;2005.0;Sergipe;Fossa rudimentar;11.8
290;2005.0;Sergipe;Vala;1.4
291;2005.0;Sergipe;Direto para rio, lago ou mar;0.3
292;2005.0;Sergipe;Outro tipo;0.1
293;2005.0;Sergipe;Não tinham;1.8
294;2005.0;Bahia;Rede coletora;54.7
295;2005.0;Bahia;Fossa séptica;8.9
296;2005.0;Bahia;Fossa rudimentar;28.1
297;2005.0;Bahia;Vala;1.9
298;2005.0;Bahia;Direto para rio, lago ou mar;1.8
299;2005.0;Bahia;Outro tipo;0.2
300;2005.0;Bahia;Não tinham;4.3
301;2005.0;Minas Gerais;Rede coletora;85.0
302;2005.0;Minas Gerais;Fossa séptica;0.7
303;2005.0;Minas Gerais;Fossa rudimentar;10.3
304;2005.0;Minas Gerais;Vala;0.3
305;2005.0;Minas Gerais;Direto para rio, lago ou mar;3.0
306;2005.0;Minas Gerais;Outro tipo;0.0
307;2005.0;Minas Gerais;Não tinham;0.7
308;2005.0;Espírito Santo;Rede coletora;70.5
309;2005.0;Espírito Santo;Fossa séptica;13.4
310;2005.0;Espírito Santo;Fossa rudimentar;7.1
311;2005.0;Espírito Santo;Vala;4.1
312;2005.0;Espírito Santo;Direto para rio, lago ou mar;4.1
313;2005.0;Espírito Santo;Outro tipo;0.1
314;2005.0;Espírito Santo;Não tinham;0.8
315;2005.0;Rio de Janeiro;Rede coletora;57.8
316;2005.0;Rio de Janeiro;Fossa séptica;30.8
317;2005.0;Rio de Janeiro;Fossa rudimentar;3.7
318;2005.0;Rio de Janeiro;Vala;3.6
319;2005.0;Rio de Janeiro;Direto para rio, lago ou mar;3.6
320;2005.0;Rio de Janeiro;Outro tipo;0.3
321;2005.0;Rio de Janeiro;Não tinham;0.2
322;2005.0;São Paulo;Rede coletora;90.2
323;2005.0;São Paulo;Fossa séptica;4.3
324;2005.0;São Paulo;Fossa rudimentar;1.6
325;2005.0;São Paulo;Vala;0.9
326;2005.0;São Paulo;Direto para rio, lago ou mar;2.8
327;2005.0;São Paulo;Outro tipo;0.0
328;2005.0;São Paulo;Não tinham;0.1
329;2005.0;Paraná;Rede coletora;53.8
330;2005.0;Paraná;Fossa séptica;21.0
331;2005.0;Paraná;Fossa rudimentar;23.2
332;2005.0;Paraná;Vala;0.5
333;2005.0;Paraná;Direto para rio, lago ou mar;0.6
334;2005.0;Paraná;Outro tipo;0.1
335;2005.0;Paraná;Não tinham;0.7
336;2005.0;Santa Catarina;Rede coletora;18.4
337;2005.0;Santa Catarina;Fossa séptica;70.8
338;2005.0;Santa Catarina;Fossa rudimentar;7.0
339;2005.0;Santa Catarina;Vala;0.9
340;2005.0;Santa Catarina;Direto para rio, lago ou mar;2.3
341;2005.0;Santa Catarina;Outro tipo;0.1
342;2005.0;Santa Catarina;Não tinham;0.5
343;2005.0;Rio Grande do Sul;Rede coletora;14.1
344;2005.0;Rio Grande do Sul;Fossa séptica;71.7
345;2005.0;Rio Grande do Sul;Fossa rudimentar;10.3
346;2005.0;Rio Grande do Sul;Vala;2.1
347;2005.0;Rio Grande do Sul;Direto para rio, lago ou mar;0.9
348;2005.0;Rio Grande do Sul;Outro tipo;0.0
349;2005.0;Rio Grande do Sul;Não tinham;0.8
350;2005.0;Mato Grosso do Sul;Rede coletora;11.6
351;2005.0;Mato Grosso do Sul;Fossa séptica;6.0
352;2005.0;Mato Grosso do Sul;Fossa rudimentar;81.9
353;2005.0;Mato Grosso do Sul;Vala;0.1
354;2005.0;Mato Grosso do Sul;Direto para rio, lago ou mar;0.2
355;2005.0;Mato Grosso do Sul;Outro tipo;0.0
356;2005.0;Mato Grosso do Sul;Não tinham;0.2
357;2005.0;Mato Grosso;Rede coletora;15.8
358;2005.0;Mato Grosso;Fossa séptica;41.7
359;2005.0;Mato Grosso;Fossa rudimentar;40.0
360;2005.0;Mato Grosso;Vala;0.3
361;2005.0;Mato Grosso;Direto para rio, lago ou mar;0.0
362;2005.0;Mato Grosso;Outro tipo;0.0
363;2005.0;Mato Grosso;Não tinham;2.2
364;2005.0;Goiás;Rede coletora;34.9
365;2005.0;Goiás;Fossa séptica;4.5
366;2005.0;Goiás;Fossa rudimentar;59.2
367;2005.0;Goiás;Vala;0.2
368;2005.0;Goiás;Direto para rio, lago ou mar;0.6
369;2005.0;Goiás;Outro tipo;0.0
370;2005.0;Goiás;Não tinham;0.6
371;2005.0;Distrito Federal;Rede coletora;85.6
372;2005.0;Distrito Federal;Fossa séptica;10.1
373;2005.0;Distrito Federal;Fossa rudimentar;4.1
374;2005.0;Distrito Federal;Vala;0.0
375;2005.0;Distrito Federal;Direto para rio, lago ou mar;0.0
376;2005.0;Distrito Federal;Outro tipo;0.0
377;2005.0;Distrito Federal;Não tinham;0.2
378;2006.0;Rondônia;Rede coletora;3.1
379;2006.0;Rondônia;Fossa séptica;51.7
380;2006.0;Rondônia;Fossa rudimentar;42.0
381;2006.0;Rondônia;Vala;1.5
382;2006.0;Rondônia;Direto para rio, lago ou mar;0.7
383;2006.0;Rondônia;Outro tipo;0.0
384;2006.0;Rondônia;Não tinham;1.0
385;2006.0;Acre;Rede coletora;28.3
386;2006.0;Acre;Fossa séptica;25.9
387;2006.0;Acre;Fossa rudimentar;17.4
388;2006.0;Acre;Vala;18.6
389;2006.0;Acre;Direto para rio, lago ou mar;2.2
390;2006.0;Acre;Outro tipo;0.1
391;2006.0;Acre;Não tinham;7.5
392;2006.0;Amazonas;Rede coletora;4.0
393;2006.0;Amazonas;Fossa séptica;65.6
394;2006.0;Amazonas;Fossa rudimentar;15.9
395;2006.0;Amazonas;Vala;1.8
396;2006.0;Amazonas;Direto para rio, lago ou mar;9.6
397;2006.0;Amazonas;Outro tipo;1.6
398;2006.0;Amazonas;Não tinham;1.6
399;2006.0;Roraima;Rede coletora;17.5
400;2006.0;Roraima;Fossa séptica;63.2
401;2006.0;Roraima;Fossa rudimentar;15.1
402;2006.0;Roraima;Vala;2.1
403;2006.0;Roraima;Direto para rio, lago ou mar;0.0
404;2006.0;Roraima;Outro tipo;0.4
405;2006.0;Roraima;Não tinham;1.7
406;2006.0;Pará;Rede coletora;4.2
407;2006.0;Pará;Fossa séptica;62.2
408;2006.0;Pará;Fossa rudimentar;21.7
409;2006.0;Pará;Vala;4.9
410;2006.0;Pará;Direto para rio, lago ou mar;0.8
411;2006.0;Pará;Outro tipo;0.1
412;2006.0;Pará;Não tinham;6.1
413;2006.0;Amapá;Rede coletora;1.4
414;2006.0;Amapá;Fossa séptica;28.6
415;2006.0;Amapá;Fossa rudimentar;59.4
416;2006.0;Amapá;Vala;0.6
417;2006.0;Amapá;Direto para rio, lago ou mar;9.5
418;2006.0;Amapá;Outro tipo;0.0
419;2006.0;Amapá;Não tinham;0.6
420;2006.0;Tocantins;Rede coletora;12.4
421;2006.0;Tocantins;Fossa séptica;15.4
422;2006.0;Tocantins;Fossa rudimentar;67.7
423;2006.0;Tocantins;Vala;0.9
424;2006.0;Tocantins;Direto para rio, lago ou mar;0.1
425;2006.0;Tocantins;Outro tipo;0.1
426;2006.0;Tocantins;Não tinham;3.5
427;2006.0;Maranhão;Rede coletora;13.1
428;2006.0;Maranhão;Fossa séptica;55.5
429;2006.0;Maranhão;Fossa rudimentar;9.9
430;2006.0;Maranhão;Vala;3.6
431;2006.0;Maranhão;Direto para rio, lago ou mar;1.1
432;2006.0;Maranhão;Outro tipo;0.4
433;2006.0;Maranhão;Não tinham;16.4
434;2006.0;Piauí;Rede coletora;5.4
435;2006.0;Piauí;Fossa séptica;81.7
436;2006.0;Piauí;Fossa rudimentar;3.2
437;2006.0;Piauí;Vala;0.3
438;2006.0;Piauí;Direto para rio, lago ou mar;0.1
439;2006.0;Piauí;Outro tipo;0.0
440;2006.0;Piauí;Não tinham;9.3
441;2006.0;Ceará;Rede coletora;30.6
442;2006.0;Ceará;Fossa séptica;20.8
443;2006.0;Ceará;Fossa rudimentar;41.4
444;2006.0;Ceará;Vala;0.8
445;2006.0;Ceará;Direto para rio, lago ou mar;1.1
446;2006.0;Ceará;Outro tipo;0.3
447;2006.0;Ceará;Não tinham;5.0
448;2006.0;Rio Grande do Norte;Rede coletora;20.2
449;2006.0;Rio Grande do Norte;Fossa séptica;37.6
450;2006.0;Rio Grande do Norte;Fossa rudimentar;40.3
451;2006.0;Rio Grande do Norte;Vala;0.7
452;2006.0;Rio Grande do Norte;Direto para rio, lago ou mar;0.0
453;2006.0;Rio Grande do Norte;Outro tipo;0.0
454;2006.0;Rio Grande do Norte;Não tinham;1.2
455;2006.0;Paraíba;Rede coletora;41.7
456;2006.0;Paraíba;Fossa séptica;19.9
457;2006.0;Paraíba;Fossa rudimentar;31.5
458;2006.0;Paraíba;Vala;4.7
459;2006.0;Paraíba;Direto para rio, lago ou mar;0.2
460;2006.0;Paraíba;Outro tipo;0.0
461;2006.0;Paraíba;Não tinham;2.0
462;2006.0;Pernambuco;Rede coletora;46.8
463;2006.0;Pernambuco;Fossa séptica;3.1
464;2006.0;Pernambuco;Fossa rudimentar;39.0
465;2006.0;Pernambuco;Vala;3.6
466;2006.0;Pernambuco;Direto para rio, lago ou mar;4.9
467;2006.0;Pernambuco;Outro tipo;0.3
468;2006.0;Pernambuco;Não tinham;2.2
469;2006.0;Alagoas;Rede coletora;9.9
470;2006.0;Alagoas;Fossa séptica;26.1
471;2006.0;Alagoas;Fossa rudimentar;53.6
472;2006.0;Alagoas;Vala;6.4
473;2006.0;Alagoas;Direto para rio, lago ou mar;0.4
474;2006.0;Alagoas;Outro tipo;0.1
475;2006.0;Alagoas;Não tinham;3.6
476;2006.0;Sergipe;Rede coletora;37.6
477;2006.0;Sergipe;Fossa séptica;45.0
478;2006.0;Sergipe;Fossa rudimentar;14.7
479;2006.0;Sergipe;Vala;0.3
480;2006.0;Sergipe;Direto para rio, lago ou mar;0.3
481;2006.0;Sergipe;Outro tipo;0.0
482;2006.0;Sergipe;Não tinham;2.1
483;2006.0;Bahia;Rede coletora;56.5
484;2006.0;Bahia;Fossa séptica;14.5
485;2006.0;Bahia;Fossa rudimentar;22.6
486;2006.0;Bahia;Vala;1.3
487;2006.0;Bahia;Direto para rio, lago ou mar;1.9
488;2006.0;Bahia;Outro tipo;0.2
489;2006.0;Bahia;Não tinham;3.1
490;2006.0;Minas Gerais;Rede coletora;85.7
491;2006.0;Minas Gerais;Fossa séptica;1.7
492;2006.0;Minas Gerais;Fossa rudimentar;8.9
493;2006.0;Minas Gerais;Vala;0.2
494;2006.0;Minas Gerais;Direto para rio, lago ou mar;2.6
495;2006.0;Minas Gerais;Outro tipo;0.0
496;2006.0;Minas Gerais;Não tinham;0.9
497;2006.0;Espírito Santo;Rede coletora;67.1
498;2006.0;Espírito Santo;Fossa séptica;17.9
499;2006.0;Espírito Santo;Fossa rudimentar;6.8
500;2006.0;Espírito Santo;Vala;3.1
501;2006.0;Espírito Santo;Direto para rio, lago ou mar;4.4
502;2006.0;Espírito Santo;Outro tipo;0.4
503;2006.0;Espírito Santo;Não tinham;0.2
504;2006.0;Rio de Janeiro;Rede coletora;61.9
505;2006.0;Rio de Janeiro;Fossa séptica;29.8
506;2006.0;Rio de Janeiro;Fossa rudimentar;2.2
507;2006.0;Rio de Janeiro;Vala;2.9
508;2006.0;Rio de Janeiro;Direto para rio, lago ou mar;2.9
509;2006.0;Rio de Janeiro;Outro tipo;0.1
510;2006.0;Rio de Janeiro;Não tinham;0.2
511;2006.0;São Paulo;Rede coletora;87.5
512;2006.0;São Paulo;Fossa séptica;6.1
513;2006.0;São Paulo;Fossa rudimentar;1.8
514;2006.0;São Paulo;Vala;0.6
515;2006.0;São Paulo;Direto para rio, lago ou mar;3.8
516;2006.0;São Paulo;Outro tipo;0.0
517;2006.0;São Paulo;Não tinham;0.1
518;2006.0;Paraná;Rede coletora;53.9
519;2006.0;Paraná;Fossa séptica;21.4
520;2006.0;Paraná;Fossa rudimentar;22.7
521;2006.0;Paraná;Vala;0.5
522;2006.0;Paraná;Direto para rio, lago ou mar;0.9
523;2006.0;Paraná;Outro tipo;0.0
524;2006.0;Paraná;Não tinham;0.6
525;2006.0;Santa Catarina;Rede coletora;12.5
526;2006.0;Santa Catarina;Fossa séptica;78.9
527;2006.0;Santa Catarina;Fossa rudimentar;5.0
528;2006.0;Santa Catarina;Vala;1.2
529;2006.0;Santa Catarina;Direto para rio, lago ou mar;2.1
530;2006.0;Santa Catarina;Outro tipo;0.0
531;2006.0;Santa Catarina;Não tinham;0.3
532;2006.0;Rio Grande do Sul;Rede coletora;18.0
533;2006.0;Rio Grande do Sul;Fossa séptica;68.2
534;2006.0;Rio Grande do Sul;Fossa rudimentar;10.5
535;2006.0;Rio Grande do Sul;Vala;1.3
536;2006.0;Rio Grande do Sul;Direto para rio, lago ou mar;1.2
537;2006.0;Rio Grande do Sul;Outro tipo;0.0
538;2006.0;Rio Grande do Sul;Não tinham;0.7
539;2006.0;Mato Grosso do Sul;Rede coletora;13.9
540;2006.0;Mato Grosso do Sul;Fossa séptica;12.0
541;2006.0;Mato Grosso do Sul;Fossa rudimentar;72.9
542;2006.0;Mato Grosso do Sul;Vala;0.1
543;2006.0;Mato Grosso do Sul;Direto para rio, lago ou mar;0.5
544;2006.0;Mato Grosso do Sul;Outro tipo;0.0
545;2006.0;Mato Grosso do Sul;Não tinham;0.5
546;2006.0;Mato Grosso;Rede coletora;16.3
547;2006.0;Mato Grosso;Fossa séptica;28.3
548;2006.0;Mato Grosso;Fossa rudimentar;53.9
549;2006.0;Mato Grosso;Vala;0.1
550;2006.0;Mato Grosso;Direto para rio, lago ou mar;0.1
551;2006.0;Mato Grosso;Outro tipo;0.0
552;2006.0;Mato Grosso;Não tinham;1.3
553;2006.0;Goiás;Rede coletora;35.5
554;2006.0;Goiás;Fossa séptica;4.6
555;2006.0;Goiás;Fossa rudimentar;58.6
556;2006.0;Goiás;Vala;0.1
557;2006.0;Goiás;Direto para rio, lago ou mar;0.5
558;2006.0;Goiás;Outro tipo;0.0
559;2006.0;Goiás;Não tinham;0.7
560;2006.0;Distrito Federal;Rede coletora;84.3
561;2006.0;Distrito Federal;Fossa séptica;12.3
562;2006.0;Distrito Federal;Fossa rudimentar;3.1
563;2006.0;Distrito Federal;Vala;0.1
564;2006.0;Distrito Federal;Direto para rio, lago ou mar;0.0
565;2006.0;Distrito Federal;Outro tipo;0.0
566;2006.0;Distrito Federal;Não tinham;0.3
567;2007.0;Rondônia;Rede coletora;4.4
568;2007.0;Rondônia;Fossa séptica;28.3
569;2007.0;Rondônia;Fossa rudimentar;63.6
570;2007.0;Rondônia;Vala;0.7
571;2007.0;Rondônia;Direto para rio, lago ou mar;0.6
572;2007.0;Rondônia;Outro tipo;0.8
573;2007.0;Rondônia;Não tinham;1.6
574;2007.0;Acre;Rede coletora;20.5
575;2007.0;Acre;Fossa séptica;47.5
576;2007.0;Acre;Fossa rudimentar;11.3
577;2007.0;Acre;Vala;11.3
578;2007.0;Acre;Direto para rio, lago ou mar;3.9
579;2007.0;Acre;Outro tipo;0.0
580;2007.0;Acre;Não tinham;5.5
581;2007.0;Amazonas;Rede coletora;27.8
582;2007.0;Amazonas;Fossa séptica;51.9
583;2007.0;Amazonas;Fossa rudimentar;8.5
584;2007.0;Amazonas;Vala;3.0
585;2007.0;Amazonas;Direto para rio, lago ou mar;5.7
586;2007.0;Amazonas;Outro tipo;0.4
587;2007.0;Amazonas;Não tinham;2.6
588;2007.0;Roraima;Rede coletora;14.2
589;2007.0;Roraima;Fossa séptica;73.2
590;2007.0;Roraima;Fossa rudimentar;10.0
591;2007.0;Roraima;Vala;0.5
592;2007.0;Roraima;Direto para rio, lago ou mar;0.5
593;2007.0;Roraima;Outro tipo;0.0
594;2007.0;Roraima;Não tinham;1.7
595;2007.0;Pará;Rede coletora;5.2
596;2007.0;Pará;Fossa séptica;61.5
597;2007.0;Pará;Fossa rudimentar;26.1
598;2007.0;Pará;Vala;2.1
599;2007.0;Pará;Direto para rio, lago ou mar;0.7
600;2007.0;Pará;Outro tipo;0.1
601;2007.0;Pará;Não tinham;4.4
602;2007.0;Amapá;Rede coletora;2.7
603;2007.0;Amapá;Fossa séptica;55.4
604;2007.0;Amapá;Fossa rudimentar;27.1
605;2007.0;Amapá;Vala;2.6
606;2007.0;Amapá;Direto para rio, lago ou mar;9.4
607;2007.0;Amapá;Outro tipo;0.0
608;2007.0;Amapá;Não tinham;2.9
609;2007.0;Tocantins;Rede coletora;15.0
610;2007.0;Tocantins;Fossa séptica;22.0
611;2007.0;Tocantins;Fossa rudimentar;59.1
612;2007.0;Tocantins;Vala;0.8
613;2007.0;Tocantins;Direto para rio, lago ou mar;0.1
614;2007.0;Tocantins;Outro tipo;0.0
615;2007.0;Tocantins;Não tinham;3.1
616;2007.0;Maranhão;Rede coletora;14.9
617;2007.0;Maranhão;Fossa séptica;53.5
618;2007.0;Maranhão;Fossa rudimentar;11.3
619;2007.0;Maranhão;Vala;1.5
620;2007.0;Maranhão;Direto para rio, lago ou mar;0.5
621;2007.0;Maranhão;Outro tipo;0.0
622;2007.0;Maranhão;Não tinham;18.4
623;2007.0;Piauí;Rede coletora;7.3
624;2007.0;Piauí;Fossa séptica;75.4
625;2007.0;Piauí;Fossa rudimentar;7.9
626;2007.0;Piauí;Vala;0.3
627;2007.0;Piauí;Direto para rio, lago ou mar;0.0
628;2007.0;Piauí;Outro tipo;0.1
629;2007.0;Piauí;Não tinham;9.0
630;2007.0;Ceará;Rede coletora;33.2
631;2007.0;Ceará;Fossa séptica;26.6
632;2007.0;Ceará;Fossa rudimentar;35.3
633;2007.0;Ceará;Vala;0.8
634;2007.0;Ceará;Direto para rio, lago ou mar;0.8
635;2007.0;Ceará;Outro tipo;0.1
636;2007.0;Ceará;Não tinham;3.2
637;2007.0;Rio Grande do Norte;Rede coletora;20.2
638;2007.0;Rio Grande do Norte;Fossa séptica;46.5
639;2007.0;Rio Grande do Norte;Fossa rudimentar;30.6
640;2007.0;Rio Grande do Norte;Vala;0.7
641;2007.0;Rio Grande do Norte;Direto para rio, lago ou mar;0.8
642;2007.0;Rio Grande do Norte;Outro tipo;0.1
643;2007.0;Rio Grande do Norte;Não tinham;1.1
644;2007.0;Paraíba;Rede coletora;49.1
645;2007.0;Paraíba;Fossa séptica;18.0
646;2007.0;Paraíba;Fossa rudimentar;26.6
647;2007.0;Paraíba;Vala;2.1
648;2007.0;Paraíba;Direto para rio, lago ou mar;1.9
649;2007.0;Paraíba;Outro tipo;0.2
650;2007.0;Paraíba;Não tinham;2.0
651;2007.0;Pernambuco;Rede coletora;47.3
652;2007.0;Pernambuco;Fossa séptica;17.6
653;2007.0;Pernambuco;Fossa rudimentar;25.4
654;2007.0;Pernambuco;Vala;3.3
655;2007.0;Pernambuco;Direto para rio, lago ou mar;4.1
656;2007.0;Pernambuco;Outro tipo;0.3
657;2007.0;Pernambuco;Não tinham;2.0
658;2007.0;Alagoas;Rede coletora;7.6
659;2007.0;Alagoas;Fossa séptica;27.5
660;2007.0;Alagoas;Fossa rudimentar;55.3
661;2007.0;Alagoas;Vala;5.5
662;2007.0;Alagoas;Direto para rio, lago ou mar;0.6
663;2007.0;Alagoas;Outro tipo;0.4
664;2007.0;Alagoas;Não tinham;3.1
665;2007.0;Sergipe;Rede coletora;34.5
666;2007.0;Sergipe;Fossa séptica;49.5
667;2007.0;Sergipe;Fossa rudimentar;11.0
668;2007.0;Sergipe;Vala;1.6
669;2007.0;Sergipe;Direto para rio, lago ou mar;1.7
670;2007.0;Sergipe;Outro tipo;0.1
671;2007.0;Sergipe;Não tinham;1.5
672;2007.0;Bahia;Rede coletora;58.9
673;2007.0;Bahia;Fossa séptica;20.1
674;2007.0;Bahia;Fossa rudimentar;15.1
675;2007.0;Bahia;Vala;1.5
676;2007.0;Bahia;Direto para rio, lago ou mar;1.4
677;2007.0;Bahia;Outro tipo;0.1
678;2007.0;Bahia;Não tinham;3.0
679;2007.0;Minas Gerais;Rede coletora;87.3
680;2007.0;Minas Gerais;Fossa séptica;4.2
681;2007.0;Minas Gerais;Fossa rudimentar;6.0
682;2007.0;Minas Gerais;Vala;0.3
683;2007.0;Minas Gerais;Direto para rio, lago ou mar;1.7
684;2007.0;Minas Gerais;Outro tipo;0.1
685;2007.0;Minas Gerais;Não tinham;0.5
686;2007.0;Espírito Santo;Rede coletora;66.0
687;2007.0;Espírito Santo;Fossa séptica;21.5
688;2007.0;Espírito Santo;Fossa rudimentar;4.4
689;2007.0;Espírito Santo;Vala;3.9
690;2007.0;Espírito Santo;Direto para rio, lago ou mar;3.4
691;2007.0;Espírito Santo;Outro tipo;0.2
692;2007.0;Espírito Santo;Não tinham;0.6
693;2007.0;Rio de Janeiro;Rede coletora;69.0
694;2007.0;Rio de Janeiro;Fossa séptica;22.9
695;2007.0;Rio de Janeiro;Fossa rudimentar;2.6
696;2007.0;Rio de Janeiro;Vala;2.2
697;2007.0;Rio de Janeiro;Direto para rio, lago ou mar;2.9
698;2007.0;Rio de Janeiro;Outro tipo;0.1
699;2007.0;Rio de Janeiro;Não tinham;0.3
700;2007.0;São Paulo;Rede coletora;88.7
701;2007.0;São Paulo;Fossa séptica;6.4
702;2007.0;São Paulo;Fossa rudimentar;1.6
703;2007.0;São Paulo;Vala;0.5
704;2007.0;São Paulo;Direto para rio, lago ou mar;2.6
705;2007.0;São Paulo;Outro tipo;0.0
706;2007.0;São Paulo;Não tinham;0.1
707;2007.0;Paraná;Rede coletora;59.1
708;2007.0;Paraná;Fossa séptica;17.9
709;2007.0;Paraná;Fossa rudimentar;20.4
710;2007.0;Paraná;Vala;1.0
711;2007.0;Paraná;Direto para rio, lago ou mar;1.3
712;2007.0;Paraná;Outro tipo;0.0
713;2007.0;Paraná;Não tinham;0.4
714;2007.0;Santa Catarina;Rede coletora;24.4
715;2007.0;Santa Catarina;Fossa séptica;68.2
716;2007.0;Santa Catarina;Fossa rudimentar;4.2
717;2007.0;Santa Catarina;Vala;1.6
718;2007.0;Santa Catarina;Direto para rio, lago ou mar;1.2
719;2007.0;Santa Catarina;Outro tipo;0.2
720;2007.0;Santa Catarina;Não tinham;0.4
721;2007.0;Rio Grande do Sul;Rede coletora;24.3
722;2007.0;Rio Grande do Sul;Fossa séptica;64.1
723;2007.0;Rio Grande do Sul;Fossa rudimentar;7.5
724;2007.0;Rio Grande do Sul;Vala;1.9
725;2007.0;Rio Grande do Sul;Direto para rio, lago ou mar;1.2
726;2007.0;Rio Grande do Sul;Outro tipo;0.1
727;2007.0;Rio Grande do Sul;Não tinham;0.9
728;2007.0;Mato Grosso do Sul;Rede coletora;17.6
729;2007.0;Mato Grosso do Sul;Fossa séptica;15.9
730;2007.0;Mato Grosso do Sul;Fossa rudimentar;65.8
731;2007.0;Mato Grosso do Sul;Vala;0.2
732;2007.0;Mato Grosso do Sul;Direto para rio, lago ou mar;0.0
733;2007.0;Mato Grosso do Sul;Outro tipo;0.0
734;2007.0;Mato Grosso do Sul;Não tinham;0.4
735;2007.0;Mato Grosso;Rede coletora;12.3
736;2007.0;Mato Grosso;Fossa séptica;20.4
737;2007.0;Mato Grosso;Fossa rudimentar;64.3
738;2007.0;Mato Grosso;Vala;0.3
739;2007.0;Mato Grosso;Direto para rio, lago ou mar;0.2
740;2007.0;Mato Grosso;Outro tipo;0.0
741;2007.0;Mato Grosso;Não tinham;2.5
742;2007.0;Goiás;Rede coletora;37.6
743;2007.0;Goiás;Fossa séptica;11.0
744;2007.0;Goiás;Fossa rudimentar;49.9
745;2007.0;Goiás;Vala;0.1
746;2007.0;Goiás;Direto para rio, lago ou mar;0.8
747;2007.0;Goiás;Outro tipo;0.1
748;2007.0;Goiás;Não tinham;0.6
749;2007.0;Distrito Federal;Rede coletora;84.0
750;2007.0;Distrito Federal;Fossa séptica;11.4
751;2007.0;Distrito Federal;Fossa rudimentar;4.3
752;2007.0;Distrito Federal;Vala;0.0
753;2007.0;Distrito Federal;Direto para rio, lago ou mar;0.0
754;2007.0;Distrito Federal;Outro tipo;0.1
755;2007.0;Distrito Federal;Não tinham;0.1
756;2008.0;Rondônia;Rede coletora;3.8
757;2008.0;Rondônia;Fossa séptica;77.5
758;2008.0;Rondônia;Fossa rudimentar;16.0
759;2008.0;Rondônia;Vala;0.9
760;2008.0;Rondônia;Direto para rio, lago ou mar;1.1
761;2008.0;Rondônia;Outro tipo;0.1
762;2008.0;Rondônia;Não tinham;0.7
763;2008.0;Acre;Rede coletora;33.7
764;2008.0;Acre;Fossa séptica;28.8
765;2008.0;Acre;Fossa rudimentar;18.7
766;2008.0;Acre;Vala;11.2
767;2008.0;Acre;Direto para rio, lago ou mar;2.4
768;2008.0;Acre;Outro tipo;0.4
769;2008.0;Acre;Não tinham;4.8
770;2008.0;Amazonas;Rede coletora;22.0
771;2008.0;Amazonas;Fossa séptica;41.7
772;2008.0;Amazonas;Fossa rudimentar;21.1
773;2008.0;Amazonas;Vala;4.4
774;2008.0;Amazonas;Direto para rio, lago ou mar;6.2
775;2008.0;Amazonas;Outro tipo;0.5
776;2008.0;Amazonas;Não tinham;4.0
777;2008.0;Roraima;Rede coletora;13.9
778;2008.0;Roraima;Fossa séptica;78.0
779;2008.0;Roraima;Fossa rudimentar;5.8
780;2008.0;Roraima;Vala;0.3
781;2008.0;Roraima;Direto para rio, lago ou mar;0.0
782;2008.0;Roraima;Outro tipo;0.3
783;2008.0;Roraima;Não tinham;1.6
784;2008.0;Pará;Rede coletora;5.2
785;2008.0;Pará;Fossa séptica;66.2
786;2008.0;Pará;Fossa rudimentar;22.0
787;2008.0;Pará;Vala;1.0
788;2008.0;Pará;Direto para rio, lago ou mar;0.4
789;2008.0;Pará;Outro tipo;0.1
790;2008.0;Pará;Não tinham;5.1
791;2008.0;Amapá;Rede coletora;3.1
792;2008.0;Amapá;Fossa séptica;32.6
793;2008.0;Amapá;Fossa rudimentar;51.1
794;2008.0;Amapá;Vala;3.4
795;2008.0;Amapá;Direto para rio, lago ou mar;9.4
796;2008.0;Amapá;Outro tipo;0.0
797;2008.0;Amapá;Não tinham;0.5
798;2008.0;Tocantins;Rede coletora;19.9
799;2008.0;Tocantins;Fossa séptica;20.7
800;2008.0;Tocantins;Fossa rudimentar;57.1
801;2008.0;Tocantins;Vala;0.0
802;2008.0;Tocantins;Direto para rio, lago ou mar;0.0
803;2008.0;Tocantins;Outro tipo;0.1
804;2008.0;Tocantins;Não tinham;2.1
805;2008.0;Maranhão;Rede coletora;15.1
806;2008.0;Maranhão;Fossa séptica;61.4
807;2008.0;Maranhão;Fossa rudimentar;12.7
808;2008.0;Maranhão;Vala;3.0
809;2008.0;Maranhão;Direto para rio, lago ou mar;1.0
810;2008.0;Maranhão;Outro tipo;0.0
811;2008.0;Maranhão;Não tinham;6.9
812;2008.0;Piauí;Rede coletora;4.0
813;2008.0;Piauí;Fossa séptica;75.0
814;2008.0;Piauí;Fossa rudimentar;12.6
815;2008.0;Piauí;Vala;0.7
816;2008.0;Piauí;Direto para rio, lago ou mar;0.1
817;2008.0;Piauí;Outro tipo;0.1
818;2008.0;Piauí;Não tinham;7.5
819;2008.0;Ceará;Rede coletora;37.4
820;2008.0;Ceará;Fossa séptica;25.6
821;2008.0;Ceará;Fossa rudimentar;32.4
822;2008.0;Ceará;Vala;1.0
823;2008.0;Ceará;Direto para rio, lago ou mar;1.0
824;2008.0;Ceará;Outro tipo;0.1
825;2008.0;Ceará;Não tinham;2.6
826;2008.0;Rio Grande do Norte;Rede coletora;21.7
827;2008.0;Rio Grande do Norte;Fossa séptica;33.7
828;2008.0;Rio Grande do Norte;Fossa rudimentar;40.8
829;2008.0;Rio Grande do Norte;Vala;1.6
830;2008.0;Rio Grande do Norte;Direto para rio, lago ou mar;0.8
831;2008.0;Rio Grande do Norte;Outro tipo;0.0
832;2008.0;Rio Grande do Norte;Não tinham;1.5
833;2008.0;Paraíba;Rede coletora;50.7
834;2008.0;Paraíba;Fossa séptica;19.6
835;2008.0;Paraíba;Fossa rudimentar;23.0
836;2008.0;Paraíba;Vala;3.2
837;2008.0;Paraíba;Direto para rio, lago ou mar;1.7
838;2008.0;Paraíba;Outro tipo;0.1
839;2008.0;Paraíba;Não tinham;1.5
840;2008.0;Pernambuco;Rede coletora;51.4
841;2008.0;Pernambuco;Fossa séptica;10.7
842;2008.0;Pernambuco;Fossa rudimentar;28.4
843;2008.0;Pernambuco;Vala;3.8
844;2008.0;Pernambuco;Direto para rio, lago ou mar;3.4
845;2008.0;Pernambuco;Outro tipo;0.1
846;2008.0;Pernambuco;Não tinham;2.1
847;2008.0;Alagoas;Rede coletora;16.1
848;2008.0;Alagoas;Fossa séptica;31.9
849;2008.0;Alagoas;Fossa rudimentar;45.6
850;2008.0;Alagoas;Vala;2.5
851;2008.0;Alagoas;Direto para rio, lago ou mar;1.3
852;2008.0;Alagoas;Outro tipo;0.1
853;2008.0;Alagoas;Não tinham;2.5
854;2008.0;Sergipe;Rede coletora;41.0
855;2008.0;Sergipe;Fossa séptica;45.9
856;2008.0;Sergipe;Fossa rudimentar;8.0
857;2008.0;Sergipe;Vala;2.5
858;2008.0;Sergipe;Direto para rio, lago ou mar;1.5
859;2008.0;Sergipe;Outro tipo;0.0
860;2008.0;Sergipe;Não tinham;1.0
861;2008.0;Bahia;Rede coletora;62.0
862;2008.0;Bahia;Fossa séptica;12.2
863;2008.0;Bahia;Fossa rudimentar;20.2
864;2008.0;Bahia;Vala;1.4
865;2008.0;Bahia;Direto para rio, lago ou mar;1.7
866;2008.0;Bahia;Outro tipo;0.2
867;2008.0;Bahia;Não tinham;2.3
868;2008.0;Minas Gerais;Rede coletora;88.5
869;2008.0;Minas Gerais;Fossa séptica;2.8
870;2008.0;Minas Gerais;Fossa rudimentar;6.1
871;2008.0;Minas Gerais;Vala;0.3
872;2008.0;Minas Gerais;Direto para rio, lago ou mar;1.9
873;2008.0;Minas Gerais;Outro tipo;0.1
874;2008.0;Minas Gerais;Não tinham;0.4
875;2008.0;Espírito Santo;Rede coletora;68.2
876;2008.0;Espírito Santo;Fossa séptica;13.7
877;2008.0;Espírito Santo;Fossa rudimentar;6.8
878;2008.0;Espírito Santo;Vala;3.8
879;2008.0;Espírito Santo;Direto para rio, lago ou mar;6.2
880;2008.0;Espírito Santo;Outro tipo;0.6
881;2008.0;Espírito Santo;Não tinham;0.7
882;2008.0;Rio de Janeiro;Rede coletora;69.8
883;2008.0;Rio de Janeiro;Fossa séptica;19.8
884;2008.0;Rio de Janeiro;Fossa rudimentar;4.0
885;2008.0;Rio de Janeiro;Vala;2.9
886;2008.0;Rio de Janeiro;Direto para rio, lago ou mar;3.0
887;2008.0;Rio de Janeiro;Outro tipo;0.1
888;2008.0;Rio de Janeiro;Não tinham;0.4
889;2008.0;São Paulo;Rede coletora;90.7
890;2008.0;São Paulo;Fossa séptica;4.9
891;2008.0;São Paulo;Fossa rudimentar;1.5
892;2008.0;São Paulo;Vala;0.6
893;2008.0;São Paulo;Direto para rio, lago ou mar;2.1
894;2008.0;São Paulo;Outro tipo;0.1
895;2008.0;São Paulo;Não tinham;0.1
896;2008.0;Paraná;Rede coletora;62.0
897;2008.0;Paraná;Fossa séptica;16.7
898;2008.0;Paraná;Fossa rudimentar;19.2
899;2008.0;Paraná;Vala;0.8
900;2008.0;Paraná;Direto para rio, lago ou mar;0.8
901;2008.0;Paraná;Outro tipo;0.0
902;2008.0;Paraná;Não tinham;0.6
903;2008.0;Santa Catarina;Rede coletora;31.9
904;2008.0;Santa Catarina;Fossa séptica;54.7
905;2008.0;Santa Catarina;Fossa rudimentar;9.5
906;2008.0;Santa Catarina;Vala;0.9
907;2008.0;Santa Catarina;Direto para rio, lago ou mar;2.7
908;2008.0;Santa Catarina;Outro tipo;0.0
909;2008.0;Santa Catarina;Não tinham;0.4
910;2008.0;Rio Grande do Sul;Rede coletora;18.9
911;2008.0;Rio Grande do Sul;Fossa séptica;66.4
912;2008.0;Rio Grande do Sul;Fossa rudimentar;10.9
913;2008.0;Rio Grande do Sul;Vala;1.8
914;2008.0;Rio Grande do Sul;Direto para rio, lago ou mar;1.1
915;2008.0;Rio Grande do Sul;Outro tipo;0.1
916;2008.0;Rio Grande do Sul;Não tinham;0.7
917;2008.0;Mato Grosso do Sul;Rede coletora;20.0
918;2008.0;Mato Grosso do Sul;Fossa séptica;6.7
919;2008.0;Mato Grosso do Sul;Fossa rudimentar;72.6
920;2008.0;Mato Grosso do Sul;Vala;0.2
921;2008.0;Mato Grosso do Sul;Direto para rio, lago ou mar;0.3
922;2008.0;Mato Grosso do Sul;Outro tipo;0.0
923;2008.0;Mato Grosso do Sul;Não tinham;0.2
924;2008.0;Mato Grosso;Rede coletora;21.6
925;2008.0;Mato Grosso;Fossa séptica;39.1
926;2008.0;Mato Grosso;Fossa rudimentar;38.1
927;2008.0;Mato Grosso;Vala;0.2
928;2008.0;Mato Grosso;Direto para rio, lago ou mar;0.0
929;2008.0;Mato Grosso;Outro tipo;0.0
930;2008.0;Mato Grosso;Não tinham;1.0
931;2008.0;Goiás;Rede coletora;38.0
932;2008.0;Goiás;Fossa séptica;0.8
933;2008.0;Goiás;Fossa rudimentar;59.9
934;2008.0;Goiás;Vala;0.2
935;2008.0;Goiás;Direto para rio, lago ou mar;0.6
936;2008.0;Goiás;Outro tipo;0.0
937;2008.0;Goiás;Não tinham;0.4
938;2008.0;Distrito Federal;Rede coletora;88.6
939;2008.0;Distrito Federal;Fossa séptica;9.6
940;2008.0;Distrito Federal;Fossa rudimentar;1.7
941;2008.0;Distrito Federal;Vala;0.0
942;2008.0;Distrito Federal;Direto para rio, lago ou mar;0.0
943;2008.0;Distrito Federal;Outro tipo;0.0
944;2008.0;Distrito Federal;Não tinham;0.1
945;2009.0;Rondônia;Rede coletora;5.2
946;2009.0;Rondônia;Fossa séptica;28.3
947;2009.0;Rondônia;Fossa rudimentar;63.0
948;2009.0;Rondônia;Vala;0.9
949;2009.0;Rondônia;Direto para rio, lago ou mar;0.8
950;2009.0;Rondônia;Outro tipo;0.3
951;2009.0;Rondônia;Não tinham;1.4
952;2009.0;Acre;Rede coletora;26.9
953;2009.0;Acre;Fossa séptica;37.7
954;2009.0;Acre;Fossa rudimentar;13.6
955;2009.0;Acre;Vala;14.7
956;2009.0;Acre;Direto para rio, lago ou mar;2.8
957;2009.0;Acre;Outro tipo;0.4
958;2009.0;Acre;Não tinham;3.9
959;2009.0;Amazonas;Rede coletora;21.3
960;2009.0;Amazonas;Fossa séptica;47.2
961;2009.0;Amazonas;Fossa rudimentar;19.0
962;2009.0;Amazonas;Vala;4.2
963;2009.0;Amazonas;Direto para rio, lago ou mar;6.5
964;2009.0;Amazonas;Outro tipo;0.1
965;2009.0;Amazonas;Não tinham;1.7
966;2009.0;Roraima;Rede coletora;15.5
967;2009.0;Roraima;Fossa séptica;79.8
968;2009.0;Roraima;Fossa rudimentar;2.7
969;2009.0;Roraima;Vala;0.8
970;2009.0;Roraima;Direto para rio, lago ou mar;0.1
971;2009.0;Roraima;Outro tipo;0.0
972;2009.0;Roraima;Não tinham;1.1
973;2009.0;Pará;Rede coletora;2.8
974;2009.0;Pará;Fossa séptica;66.9
975;2009.0;Pará;Fossa rudimentar;23.3
976;2009.0;Pará;Vala;1.9
977;2009.0;Pará;Direto para rio, lago ou mar;0.6
978;2009.0;Pará;Outro tipo;0.2
979;2009.0;Pará;Não tinham;4.3
980;2009.0;Amapá;Rede coletora;1.1
981;2009.0;Amapá;Fossa séptica;59.1
982;2009.0;Amapá;Fossa rudimentar;29.4
983;2009.0;Amapá;Vala;0.5
984;2009.0;Amapá;Direto para rio, lago ou mar;8.9
985;2009.0;Amapá;Outro tipo;0.0
986;2009.0;Amapá;Não tinham;1.0
987;2009.0;Tocantins;Rede coletora;16.2
988;2009.0;Tocantins;Fossa séptica;19.8
989;2009.0;Tocantins;Fossa rudimentar;60.9
990;2009.0;Tocantins;Vala;0.4
991;2009.0;Tocantins;Direto para rio, lago ou mar;0.1
992;2009.0;Tocantins;Outro tipo;0.5
993;2009.0;Tocantins;Não tinham;2.0
994;2009.0;Maranhão;Rede coletora;13.1
995;2009.0;Maranhão;Fossa séptica;58.8
996;2009.0;Maranhão;Fossa rudimentar;18.1
997;2009.0;Maranhão;Vala;1.2
998;2009.0;Maranhão;Direto para rio, lago ou mar;0.4
999;2009.0;Maranhão;Outro tipo;0.0
1000;2009.0;Maranhão;Não tinham;8.4
1001;2009.0;Piauí;Rede coletora;6.0
1002;2009.0;Piauí;Fossa séptica;72.0
1003;2009.0;Piauí;Fossa rudimentar;14.0
1004;2009.0;Piauí;Vala;0.3
1005;2009.0;Piauí;Direto para rio, lago ou mar;0.2
1006;2009.0;Piauí;Outro tipo;0.0
1007;2009.0;Piauí;Não tinham;7.5
1008;2009.0;Ceará;Rede coletora;38.8
1009;2009.0;Ceará;Fossa séptica;16.3
1010;2009.0;Ceará;Fossa rudimentar;40.2
1011;2009.0;Ceará;Vala;1.2
1012;2009.0;Ceará;Direto para rio, lago ou mar;1.0
1013;2009.0;Ceará;Outro tipo;0.2
1014;2009.0;Ceará;Não tinham;2.4
1015;2009.0;Rio Grande do Norte;Rede coletora;18.6
1016;2009.0;Rio Grande do Norte;Fossa séptica;35.2
1017;2009.0;Rio Grande do Norte;Fossa rudimentar;43.5
1018;2009.0;Rio Grande do Norte;Vala;1.3
1019;2009.0;Rio Grande do Norte;Direto para rio, lago ou mar;0.7
1020;2009.0;Rio Grande do Norte;Outro tipo;0.0
1021;2009.0;Rio Grande do Norte;Não tinham;0.8
1022;2009.0;Paraíba;Rede coletora;49.4
1023;2009.0;Paraíba;Fossa séptica;17.7
1024;2009.0;Paraíba;Fossa rudimentar;27.8
1025;2009.0;Paraíba;Vala;2.2
1026;2009.0;Paraíba;Direto para rio, lago ou mar;1.5
1027;2009.0;Paraíba;Outro tipo;0.1
1028;2009.0;Paraíba;Não tinham;1.4
1029;2009.0;Pernambuco;Rede coletora;48.0
1030;2009.0;Pernambuco;Fossa séptica;3.6
1031;2009.0;Pernambuco;Fossa rudimentar;38.9
1032;2009.0;Pernambuco;Vala;3.5
1033;2009.0;Pernambuco;Direto para rio, lago ou mar;4.5
1034;2009.0;Pernambuco;Outro tipo;0.1
1035;2009.0;Pernambuco;Não tinham;1.2
1036;2009.0;Alagoas;Rede coletora;11.4
1037;2009.0;Alagoas;Fossa séptica;31.2
1038;2009.0;Alagoas;Fossa rudimentar;50.0
1039;2009.0;Alagoas;Vala;4.1
1040;2009.0;Alagoas;Direto para rio, lago ou mar;1.4
1041;2009.0;Alagoas;Outro tipo;0.1
1042;2009.0;Alagoas;Não tinham;1.8
1043;2009.0;Sergipe;Rede coletora;49.8
1044;2009.0;Sergipe;Fossa séptica;40.5
1045;2009.0;Sergipe;Fossa rudimentar;8.2
1046;2009.0;Sergipe;Vala;0.7
1047;2009.0;Sergipe;Direto para rio, lago ou mar;0.3
1048;2009.0;Sergipe;Outro tipo;0.1
1049;2009.0;Sergipe;Não tinham;0.5
1050;2009.0;Bahia;Rede coletora;58.6
1051;2009.0;Bahia;Fossa séptica;15.0
1052;2009.0;Bahia;Fossa rudimentar;22.0
1053;2009.0;Bahia;Vala;1.2
1054;2009.0;Bahia;Direto para rio, lago ou mar;1.0
1055;2009.0;Bahia;Outro tipo;0.1
1056;2009.0;Bahia;Não tinham;2.1
1057;2009.0;Minas Gerais;Rede coletora;89.1
1058;2009.0;Minas Gerais;Fossa séptica;0.6
1059;2009.0;Minas Gerais;Fossa rudimentar;7.4
1060;2009.0;Minas Gerais;Vala;0.2
1061;2009.0;Minas Gerais;Direto para rio, lago ou mar;2.2
1062;2009.0;Minas Gerais;Outro tipo;0.0
1063;2009.0;Minas Gerais;Não tinham;0.4
1064;2009.0;Espírito Santo;Rede coletora;70.5
1065;2009.0;Espírito Santo;Fossa séptica;13.3
1066;2009.0;Espírito Santo;Fossa rudimentar;9.0
1067;2009.0;Espírito Santo;Vala;2.1
1068;2009.0;Espírito Santo;Direto para rio, lago ou mar;4.5
1069;2009.0;Espírito Santo;Outro tipo;0.1
1070;2009.0;Espírito Santo;Não tinham;0.5
1071;2009.0;Rio de Janeiro;Rede coletora;73.4
1072;2009.0;Rio de Janeiro;Fossa séptica;16.0
1073;2009.0;Rio de Janeiro;Fossa rudimentar;4.9
1074;2009.0;Rio de Janeiro;Vala;2.1
1075;2009.0;Rio de Janeiro;Direto para rio, lago ou mar;3.3
1076;2009.0;Rio de Janeiro;Outro tipo;0.1
1077;2009.0;Rio de Janeiro;Não tinham;0.2
1078;2009.0;São Paulo;Rede coletora;91.1
1079;2009.0;São Paulo;Fossa séptica;4.0
1080;2009.0;São Paulo;Fossa rudimentar;1.6
1081;2009.0;São Paulo;Vala;0.3
1082;2009.0;São Paulo;Direto para rio, lago ou mar;2.5
1083;2009.0;São Paulo;Outro tipo;0.3
1084;2009.0;São Paulo;Não tinham;0.2
1085;2009.0;Paraná;Rede coletora;63.8
1086;2009.0;Paraná;Fossa séptica;18.1
1087;2009.0;Paraná;Fossa rudimentar;16.5
1088;2009.0;Paraná;Vala;0.4
1089;2009.0;Paraná;Direto para rio, lago ou mar;0.8
1090;2009.0;Paraná;Outro tipo;0.1
1091;2009.0;Paraná;Não tinham;0.3
1092;2009.0;Santa Catarina;Rede coletora;28.5
1093;2009.0;Santa Catarina;Fossa séptica;61.2
1094;2009.0;Santa Catarina;Fossa rudimentar;7.8
1095;2009.0;Santa Catarina;Vala;0.5
1096;2009.0;Santa Catarina;Direto para rio, lago ou mar;1.8
1097;2009.0;Santa Catarina;Outro tipo;0.1
1098;2009.0;Santa Catarina;Não tinham;0.2
1099;2009.0;Rio Grande do Sul;Rede coletora;21.2
1100;2009.0;Rio Grande do Sul;Fossa séptica;67.8
1101;2009.0;Rio Grande do Sul;Fossa rudimentar;8.3
1102;2009.0;Rio Grande do Sul;Vala;1.2
1103;2009.0;Rio Grande do Sul;Direto para rio, lago ou mar;0.6
1104;2009.0;Rio Grande do Sul;Outro tipo;0.0
1105;2009.0;Rio Grande do Sul;Não tinham;0.9
1106;2009.0;Mato Grosso do Sul;Rede coletora;20.4
1107;2009.0;Mato Grosso do Sul;Fossa séptica;6.8
1108;2009.0;Mato Grosso do Sul;Fossa rudimentar;72.6
1109;2009.0;Mato Grosso do Sul;Vala;0.1
1110;2009.0;Mato Grosso do Sul;Direto para rio, lago ou mar;0.0
1111;2009.0;Mato Grosso do Sul;Outro tipo;0.0
1112;2009.0;Mato Grosso do Sul;Não tinham;0.1
1113;2009.0;Mato Grosso;Rede coletora;13.1
1114;2009.0;Mato Grosso;Fossa séptica;21.3
1115;2009.0;Mato Grosso;Fossa rudimentar;64.4
1116;2009.0;Mato Grosso;Vala;0.4
1117;2009.0;Mato Grosso;Direto para rio, lago ou mar;0.0
1118;2009.0;Mato Grosso;Outro tipo;0.0
1119;2009.0;Mato Grosso;Não tinham;0.8
1120;2009.0;Goiás;Rede coletora;39.0
1121;2009.0;Goiás;Fossa séptica;5.6
1122;2009.0;Goiás;Fossa rudimentar;54.3
1123;2009.0;Goiás;Vala;0.1
1124;2009.0;Goiás;Direto para rio, lago ou mar;0.3
1125;2009.0;Goiás;Outro tipo;0.0
1126;2009.0;Goiás;Não tinham;0.6
1127;2009.0;Distrito Federal;Rede coletora;89.5
1128;2009.0;Distrito Federal;Fossa séptica;10.0
1129;2009.0;Distrito Federal;Fossa rudimentar;0.4
1130;2009.0;Distrito Federal;Vala;0.0
1131;2009.0;Distrito Federal;Direto para rio, lago ou mar;0.0
1132;2009.0;Distrito Federal;Outro tipo;0.0
1133;2009.0;Distrito Federal;Não tinham;0.1
1134;2011.0;Rondônia;Rede coletora;3.3
1135;2011.0;Rondônia;Fossa séptica;80.4
1136;2011.0;Rondônia;Fossa rudimentar;13.6
1137;2011.0;Rondônia;Vala;0.3
1138;2011.0;Rondônia;Direto para rio, lago ou mar;0.5
1139;2011.0;Rondônia;Outro tipo;0.0
1140;2011.0;Rondônia;Não tinham;1.9
1141;2011.0;Acre;Rede coletora;24.2
1142;2011.0;Acre;Fossa séptica;29.2
1143;2011.0;Acre;Fossa rudimentar;28.4
1144;2011.0;Acre;Vala;9.0
1145;2011.0;Acre;Direto para rio, lago ou mar;4.2
1146;2011.0;Acre;Outro tipo;0.1
1147;2011.0;Acre;Não tinham;4.8
1148;2011.0;Amazonas;Rede coletora;31.9
1149;2011.0;Amazonas;Fossa séptica;40.4
1150;2011.0;Amazonas;Fossa rudimentar;17.6
1151;2011.0;Amazonas;Vala;2.0
1152;2011.0;Amazonas;Direto para rio, lago ou mar;4.4
1153;2011.0;Amazonas;Outro tipo;0.3
1154;2011.0;Amazonas;Não tinham;3.4
1155;2011.0;Roraima;Rede coletora;14.0
1156;2011.0;Roraima;Fossa séptica;83.3
1157;2011.0;Roraima;Fossa rudimentar;1.0
1158;2011.0;Roraima;Vala;0.2
1159;2011.0;Roraima;Direto para rio, lago ou mar;0.4
1160;2011.0;Roraima;Outro tipo;0.0
1161;2011.0;Roraima;Não tinham;1.1
1162;2011.0;Pará;Rede coletora;11.1
1163;2011.0;Pará;Fossa séptica;53.7
1164;2011.0;Pará;Fossa rudimentar;28.7
1165;2011.0;Pará;Vala;1.0
1166;2011.0;Pará;Direto para rio, lago ou mar;0.5
1167;2011.0;Pará;Outro tipo;0.1
1168;2011.0;Pará;Não tinham;5.0
1169;2011.0;Amapá;Rede coletora;5.0
1170;2011.0;Amapá;Fossa séptica;56.4
1171;2011.0;Amapá;Fossa rudimentar;14.6
1172;2011.0;Amapá;Vala;2.7
1173;2011.0;Amapá;Direto para rio, lago ou mar;15.0
1174;2011.0;Amapá;Outro tipo;0.0
1175;2011.0;Amapá;Não tinham;6.3
1176;2011.0;Tocantins;Rede coletora;20.1
1177;2011.0;Tocantins;Fossa séptica;26.7
1178;2011.0;Tocantins;Fossa rudimentar;50.2
1179;2011.0;Tocantins;Vala;0.8
1180;2011.0;Tocantins;Direto para rio, lago ou mar;0.0
1181;2011.0;Tocantins;Outro tipo;0.1
1182;2011.0;Tocantins;Não tinham;2.2
1183;2011.0;Maranhão;Rede coletora;24.7
1184;2011.0;Maranhão;Fossa séptica;42.5
1185;2011.0;Maranhão;Fossa rudimentar;19.0
1186;2011.0;Maranhão;Vala;2.2
1187;2011.0;Maranhão;Direto para rio, lago ou mar;0.7
1188;2011.0;Maranhão;Outro tipo;0.1
1189;2011.0;Maranhão;Não tinham;10.7
1190;2011.0;Piauí;Rede coletora;5.5
1191;2011.0;Piauí;Fossa séptica;83.1
1192;2011.0;Piauí;Fossa rudimentar;6.2
1193;2011.0;Piauí;Vala;0.5
1194;2011.0;Piauí;Direto para rio, lago ou mar;0.3
1195;2011.0;Piauí;Outro tipo;0.0
1196;2011.0;Piauí;Não tinham;4.3
1197;2011.0;Ceará;Rede coletora;38.1
1198;2011.0;Ceará;Fossa séptica;29.6
1199;2011.0;Ceará;Fossa rudimentar;29.8
1200;2011.0;Ceará;Vala;0.6
1201;2011.0;Ceará;Direto para rio, lago ou mar;0.6
1202;2011.0;Ceará;Outro tipo;0.1
1203;2011.0;Ceará;Não tinham;1.1
1204;2011.0;Rio Grande do Norte;Rede coletora;19.6
1205;2011.0;Rio Grande do Norte;Fossa séptica;63.0
1206;2011.0;Rio Grande do Norte;Fossa rudimentar;15.7
1207;2011.0;Rio Grande do Norte;Vala;1.2
1208;2011.0;Rio Grande do Norte;Direto para rio, lago ou mar;0.1
1209;2011.0;Rio Grande do Norte;Outro tipo;0.0
1210;2011.0;Rio Grande do Norte;Não tinham;0.4
1211;2011.0;Paraíba;Rede coletora;58.9
1212;2011.0;Paraíba;Fossa séptica;15.9
1213;2011.0;Paraíba;Fossa rudimentar;22.7
1214;2011.0;Paraíba;Vala;1.4
1215;2011.0;Paraíba;Direto para rio, lago ou mar;0.4
1216;2011.0;Paraíba;Outro tipo;0.0
1217;2011.0;Paraíba;Não tinham;0.7
1218;2011.0;Pernambuco;Rede coletora;57.2
1219;2011.0;Pernambuco;Fossa séptica;19.3
1220;2011.0;Pernambuco;Fossa rudimentar;16.0
1221;2011.0;Pernambuco;Vala;2.4
1222;2011.0;Pernambuco;Direto para rio, lago ou mar;4.0
1223;2011.0;Pernambuco;Outro tipo;0.0
1224;2011.0;Pernambuco;Não tinham;1.0
1225;2011.0;Alagoas;Rede coletora;26.3
1226;2011.0;Alagoas;Fossa séptica;30.6
1227;2011.0;Alagoas;Fossa rudimentar;34.1
1228;2011.0;Alagoas;Vala;4.8
1229;2011.0;Alagoas;Direto para rio, lago ou mar;2.8
1230;2011.0;Alagoas;Outro tipo;0.3
1231;2011.0;Alagoas;Não tinham;1.2
1232;2011.0;Sergipe;Rede coletora;46.0
1233;2011.0;Sergipe;Fossa séptica;34.6
1234;2011.0;Sergipe;Fossa rudimentar;16.8
1235;2011.0;Sergipe;Vala;0.5
1236;2011.0;Sergipe;Direto para rio, lago ou mar;1.6
1237;2011.0;Sergipe;Outro tipo;0.0
1238;2011.0;Sergipe;Não tinham;0.4
1239;2011.0;Bahia;Rede coletora;58.9
1240;2011.0;Bahia;Fossa séptica;13.8
1241;2011.0;Bahia;Fossa rudimentar;23.2
1242;2011.0;Bahia;Vala;1.6
1243;2011.0;Bahia;Direto para rio, lago ou mar;1.0
1244;2011.0;Bahia;Outro tipo;0.0
1245;2011.0;Bahia;Não tinham;1.4
1246;2011.0;Minas Gerais;Rede coletora;87.5
1247;2011.0;Minas Gerais;Fossa séptica;2.9
1248;2011.0;Minas Gerais;Fossa rudimentar;6.4
1249;2011.0;Minas Gerais;Vala;0.1
1250;2011.0;Minas Gerais;Direto para rio, lago ou mar;2.6
1251;2011.0;Minas Gerais;Outro tipo;0.1
1252;2011.0;Minas Gerais;Não tinham;0.4
1253;2011.0;Espírito Santo;Rede coletora;83.4
1254;2011.0;Espírito Santo;Fossa séptica;7.2
1255;2011.0;Espírito Santo;Fossa rudimentar;5.2
1256;2011.0;Espírito Santo;Vala;2.4
1257;2011.0;Espírito Santo;Direto para rio, lago ou mar;1.1
1258;2011.0;Espírito Santo;Outro tipo;0.2
1259;2011.0;Espírito Santo;Não tinham;0.4
1260;2011.0;Rio de Janeiro;Rede coletora;70.3
1261;2011.0;Rio de Janeiro;Fossa séptica;21.2
1262;2011.0;Rio de Janeiro;Fossa rudimentar;1.5
1263;2011.0;Rio de Janeiro;Vala;3.6
1264;2011.0;Rio de Janeiro;Direto para rio, lago ou mar;2.9
1265;2011.0;Rio de Janeiro;Outro tipo;0.2
1266;2011.0;Rio de Janeiro;Não tinham;0.3
1267;2011.0;São Paulo;Rede coletora;92.6
1268;2011.0;São Paulo;Fossa séptica;4.2
1269;2011.0;São Paulo;Fossa rudimentar;1.2
1270;2011.0;São Paulo;Vala;0.2
1271;2011.0;São Paulo;Direto para rio, lago ou mar;1.6
1272;2011.0;São Paulo;Outro tipo;0.1
1273;2011.0;São Paulo;Não tinham;0.1
1274;2011.0;Paraná;Rede coletora;60.2
1275;2011.0;Paraná;Fossa séptica;21.3
1276;2011.0;Paraná;Fossa rudimentar;17.3
1277;2011.0;Paraná;Vala;0.3
1278;2011.0;Paraná;Direto para rio, lago ou mar;0.4
1279;2011.0;Paraná;Outro tipo;0.0
1280;2011.0;Paraná;Não tinham;0.5
1281;2011.0;Santa Catarina;Rede coletora;25.7
1282;2011.0;Santa Catarina;Fossa séptica;67.8
1283;2011.0;Santa Catarina;Fossa rudimentar;5.7
1284;2011.0;Santa Catarina;Vala;0.4
1285;2011.0;Santa Catarina;Direto para rio, lago ou mar;0.2
1286;2011.0;Santa Catarina;Outro tipo;0.0
1287;2011.0;Santa Catarina;Não tinham;0.2
1288;2011.0;Rio Grande do Sul;Rede coletora;29.5
1289;2011.0;Rio Grande do Sul;Fossa séptica;62.1
1290;2011.0;Rio Grande do Sul;Fossa rudimentar;6.0
1291;2011.0;Rio Grande do Sul;Vala;1.1
1292;2011.0;Rio Grande do Sul;Direto para rio, lago ou mar;0.7
1293;2011.0;Rio Grande do Sul;Outro tipo;0.1
1294;2011.0;Rio Grande do Sul;Não tinham;0.6
1295;2011.0;Mato Grosso do Sul;Rede coletora;32.6
1296;2011.0;Mato Grosso do Sul;Fossa séptica;10.7
1297;2011.0;Mato Grosso do Sul;Fossa rudimentar;56.3
1298;2011.0;Mato Grosso do Sul;Vala;0.1
1299;2011.0;Mato Grosso do Sul;Direto para rio, lago ou mar;0.0
1300;2011.0;Mato Grosso do Sul;Outro tipo;0.0
1301;2011.0;Mato Grosso do Sul;Não tinham;0.3
1302;2011.0;Mato Grosso;Rede coletora;23.4
1303;2011.0;Mato Grosso;Fossa séptica;17.8
1304;2011.0;Mato Grosso;Fossa rudimentar;58.4
1305;2011.0;Mato Grosso;Vala;0.0
1306;2011.0;Mato Grosso;Direto para rio, lago ou mar;0.1
1307;2011.0;Mato Grosso;Outro tipo;0.0
1308;2011.0;Mato Grosso;Não tinham;0.3
1309;2011.0;Goiás;Rede coletora;42.2
1310;2011.0;Goiás;Fossa séptica;23.4
1311;2011.0;Goiás;Fossa rudimentar;34.0
1312;2011.0;Goiás;Vala;0.1
1313;2011.0;Goiás;Direto para rio, lago ou mar;0.0
1314;2011.0;Goiás;Outro tipo;0.0
1315;2011.0;Goiás;Não tinham;0.4
1316;2011.0;Distrito Federal;Rede coletora;88.9
1317;2011.0;Distrito Federal;Fossa séptica;8.5
1318;2011.0;Distrito Federal;Fossa rudimentar;2.2
1319;2011.0;Distrito Federal;Vala;0.0
1320;2011.0;Distrito Federal;Direto para rio, lago ou mar;0.0
1321;2011.0;Distrito Federal;Outro tipo;0.0
1322;2011.0;Distrito Federal;Não tinham;0.4
1323;2012.0;Rondônia;Rede coletora;6.2
1324;2012.0;Rondônia;Fossa séptica;66.2
1325;2012.0;Rondônia;Fossa rudimentar;25.7
1326;2012.0;Rondônia;Vala;0.2
1327;2012.0;Rondônia;Direto para rio, lago ou mar;0.5
1328;2012.0;Rondônia;Outro tipo;0.1
1329;2012.0;Rondônia;Não tinham;1.1
1330;2012.0;Acre;Rede coletora;28.4
1331;2012.0;Acre;Fossa séptica;27.0
1332;2012.0;Acre;Fossa rudimentar;28.4
1333;2012.0;Acre;Vala;7.4
1334;2012.0;Acre;Direto para rio, lago ou mar;4.0
1335;2012.0;Acre;Outro tipo;0.0
1336;2012.0;Acre;Não tinham;4.9
1337;2012.0;Amazonas;Rede coletora;34.2
1338;2012.0;Amazonas;Fossa séptica;28.0
1339;2012.0;Amazonas;Fossa rudimentar;26.3
1340;2012.0;Amazonas;Vala;2.6
1341;2012.0;Amazonas;Direto para rio, lago ou mar;6.7
1342;2012.0;Amazonas;Outro tipo;0.0
1343;2012.0;Amazonas;Não tinham;2.2
1344;2012.0;Roraima;Rede coletora;21.0
1345;2012.0;Roraima;Fossa séptica;76.3
1346;2012.0;Roraima;Fossa rudimentar;0.6
1347;2012.0;Roraima;Vala;0.3
1348;2012.0;Roraima;Direto para rio, lago ou mar;0.0
1349;2012.0;Roraima;Outro tipo;0.0
1350;2012.0;Roraima;Não tinham;1.8
1351;2012.0;Pará;Rede coletora;8.5
1352;2012.0;Pará;Fossa séptica;52.2
1353;2012.0;Pará;Fossa rudimentar;33.8
1354;2012.0;Pará;Vala;2.2
1355;2012.0;Pará;Direto para rio, lago ou mar;0.5
1356;2012.0;Pará;Outro tipo;0.1
1357;2012.0;Pará;Não tinham;2.8
1358;2012.0;Amapá;Rede coletora;3.8
1359;2012.0;Amapá;Fossa séptica;46.5
1360;2012.0;Amapá;Fossa rudimentar;32.4
1361;2012.0;Amapá;Vala;2.3
1362;2012.0;Amapá;Direto para rio, lago ou mar;12.2
1363;2012.0;Amapá;Outro tipo;0.0
1364;2012.0;Amapá;Não tinham;2.8
1365;2012.0;Tocantins;Rede coletora;18.9
1366;2012.0;Tocantins;Fossa séptica;52.2
1367;2012.0;Tocantins;Fossa rudimentar;26.5
1368;2012.0;Tocantins;Vala;0.3
1369;2012.0;Tocantins;Direto para rio, lago ou mar;0.1
1370;2012.0;Tocantins;Outro tipo;0.1
1371;2012.0;Tocantins;Não tinham;1.8
1372;2012.0;Maranhão;Rede coletora;22.7
1373;2012.0;Maranhão;Fossa séptica;40.4
1374;2012.0;Maranhão;Fossa rudimentar;26.2
1375;2012.0;Maranhão;Vala;0.6
1376;2012.0;Maranhão;Direto para rio, lago ou mar;0.8
1377;2012.0;Maranhão;Outro tipo;0.0
1378;2012.0;Maranhão;Não tinham;9.2
1379;2012.0;Piauí;Rede coletora;4.3
1380;2012.0;Piauí;Fossa séptica;85.3
1381;2012.0;Piauí;Fossa rudimentar;4.9
1382;2012.0;Piauí;Vala;0.2
1383;2012.0;Piauí;Direto para rio, lago ou mar;0.4
1384;2012.0;Piauí;Outro tipo;0.1
1385;2012.0;Piauí;Não tinham;4.7
1386;2012.0;Ceará;Rede coletora;47.7
1387;2012.0;Ceará;Fossa séptica;17.7
1388;2012.0;Ceará;Fossa rudimentar;31.4
1389;2012.0;Ceará;Vala;0.9
1390;2012.0;Ceará;Direto para rio, lago ou mar;1.0
1391;2012.0;Ceará;Outro tipo;0.1
1392;2012.0;Ceará;Não tinham;1.3
1393;2012.0;Rio Grande do Norte;Rede coletora;20.9
1394;2012.0;Rio Grande do Norte;Fossa séptica;67.5
1395;2012.0;Rio Grande do Norte;Fossa rudimentar;10.8
1396;2012.0;Rio Grande do Norte;Vala;0.1
1397;2012.0;Rio Grande do Norte;Direto para rio, lago ou mar;0.0
1398;2012.0;Rio Grande do Norte;Outro tipo;0.0
1399;2012.0;Rio Grande do Norte;Não tinham;0.6
1400;2012.0;Paraíba;Rede coletora;61.4
1401;2012.0;Paraíba;Fossa séptica;20.9
1402;2012.0;Paraíba;Fossa rudimentar;14.8
1403;2012.0;Paraíba;Vala;1.8
1404;2012.0;Paraíba;Direto para rio, lago ou mar;0.5
1405;2012.0;Paraíba;Outro tipo;0.1
1406;2012.0;Paraíba;Não tinham;0.6
1407;2012.0;Pernambuco;Rede coletora;52.7
1408;2012.0;Pernambuco;Fossa séptica;18.4
1409;2012.0;Pernambuco;Fossa rudimentar;20.4
1410;2012.0;Pernambuco;Vala;4.1
1411;2012.0;Pernambuco;Direto para rio, lago ou mar;3.2
1412;2012.0;Pernambuco;Outro tipo;0.3
1413;2012.0;Pernambuco;Não tinham;0.8
1414;2012.0;Alagoas;Rede coletora;37.8
1415;2012.0;Alagoas;Fossa séptica;20.9
1416;2012.0;Alagoas;Fossa rudimentar;31.7
1417;2012.0;Alagoas;Vala;4.1
1418;2012.0;Alagoas;Direto para rio, lago ou mar;3.5
1419;2012.0;Alagoas;Outro tipo;0.2
1420;2012.0;Alagoas;Não tinham;1.9
1421;2012.0;Sergipe;Rede coletora;41.8
1422;2012.0;Sergipe;Fossa séptica;41.4
1423;2012.0;Sergipe;Fossa rudimentar;12.1
1424;2012.0;Sergipe;Vala;1.7
1425;2012.0;Sergipe;Direto para rio, lago ou mar;2.3
1426;2012.0;Sergipe;Outro tipo;0.3
1427;2012.0;Sergipe;Não tinham;0.4
1428;2012.0;Bahia;Rede coletora;63.5
1429;2012.0;Bahia;Fossa séptica;12.1
1430;2012.0;Bahia;Fossa rudimentar;19.5
1431;2012.0;Bahia;Vala;1.7
1432;2012.0;Bahia;Direto para rio, lago ou mar;1.7
1433;2012.0;Bahia;Outro tipo;0.1
1434;2012.0;Bahia;Não tinham;1.4
1435;2012.0;Minas Gerais;Rede coletora;88.0
1436;2012.0;Minas Gerais;Fossa séptica;3.7
1437;2012.0;Minas Gerais;Fossa rudimentar;6.0
1438;2012.0;Minas Gerais;Vala;0.2
1439;2012.0;Minas Gerais;Direto para rio, lago ou mar;2.0
1440;2012.0;Minas Gerais;Outro tipo;0.0
1441;2012.0;Minas Gerais;Não tinham;0.3
1442;2012.0;Espírito Santo;Rede coletora;77.4
1443;2012.0;Espírito Santo;Fossa séptica;13.6
1444;2012.0;Espírito Santo;Fossa rudimentar;4.1
1445;2012.0;Espírito Santo;Vala;1.2
1446;2012.0;Espírito Santo;Direto para rio, lago ou mar;3.2
1447;2012.0;Espírito Santo;Outro tipo;0.1
1448;2012.0;Espírito Santo;Não tinham;0.4
1449;2012.0;Rio de Janeiro;Rede coletora;79.0
1450;2012.0;Rio de Janeiro;Fossa séptica;14.5
1451;2012.0;Rio de Janeiro;Fossa rudimentar;1.9
1452;2012.0;Rio de Janeiro;Vala;2.4
1453;2012.0;Rio de Janeiro;Direto para rio, lago ou mar;1.8
1454;2012.0;Rio de Janeiro;Outro tipo;0.2
1455;2012.0;Rio de Janeiro;Não tinham;0.3
1456;2012.0;São Paulo;Rede coletora;93.3
1457;2012.0;São Paulo;Fossa séptica;4.0
1458;2012.0;São Paulo;Fossa rudimentar;1.0
1459;2012.0;São Paulo;Vala;0.5
1460;2012.0;São Paulo;Direto para rio, lago ou mar;0.9
1461;2012.0;São Paulo;Outro tipo;0.0
1462;2012.0;São Paulo;Não tinham;0.2
1463;2012.0;Paraná;Rede coletora;64.5
1464;2012.0;Paraná;Fossa séptica;20.1
1465;2012.0;Paraná;Fossa rudimentar;14.5
1466;2012.0;Paraná;Vala;0.2
1467;2012.0;Paraná;Direto para rio, lago ou mar;0.5
1468;2012.0;Paraná;Outro tipo;0.0
1469;2012.0;Paraná;Não tinham;0.2
1470;2012.0;Santa Catarina;Rede coletora;33.4
1471;2012.0;Santa Catarina;Fossa séptica;56.2
1472;2012.0;Santa Catarina;Fossa rudimentar;9.4
1473;2012.0;Santa Catarina;Vala;0.3
1474;2012.0;Santa Catarina;Direto para rio, lago ou mar;0.2
1475;2012.0;Santa Catarina;Outro tipo;0.2
1476;2012.0;Santa Catarina;Não tinham;0.3
1477;2012.0;Rio Grande do Sul;Rede coletora;39.7
1478;2012.0;Rio Grande do Sul;Fossa séptica;50.4
1479;2012.0;Rio Grande do Sul;Fossa rudimentar;7.1
1480;2012.0;Rio Grande do Sul;Vala;1.5
1481;2012.0;Rio Grande do Sul;Direto para rio, lago ou mar;1.1
1482;2012.0;Rio Grande do Sul;Outro tipo;0.1
1483;2012.0;Rio Grande do Sul;Não tinham;0.2
1484;2012.0;Mato Grosso do Sul;Rede coletora;35.7
1485;2012.0;Mato Grosso do Sul;Fossa séptica;22.8
1486;2012.0;Mato Grosso do Sul;Fossa rudimentar;41.0
1487;2012.0;Mato Grosso do Sul;Vala;0.0
1488;2012.0;Mato Grosso do Sul;Direto para rio, lago ou mar;0.0
1489;2012.0;Mato Grosso do Sul;Outro tipo;0.0
1490;2012.0;Mato Grosso do Sul;Não tinham;0.5
1491;2012.0;Mato Grosso;Rede coletora;23.6
1492;2012.0;Mato Grosso;Fossa séptica;30.8
1493;2012.0;Mato Grosso;Fossa rudimentar;45.0
1494;2012.0;Mato Grosso;Vala;0.3
1495;2012.0;Mato Grosso;Direto para rio, lago ou mar;0.1
1496;2012.0;Mato Grosso;Outro tipo;0.0
1497;2012.0;Mato Grosso;Não tinham;0.3
1498;2012.0;Goiás;Rede coletora;41.3
1499;2012.0;Goiás;Fossa séptica;13.2
1500;2012.0;Goiás;Fossa rudimentar;45.2
1501;2012.0;Goiás;Vala;0.0
1502;2012.0;Goiás;Direto para rio, lago ou mar;0.0
1503;2012.0;Goiás;Outro tipo;0.0
1504;2012.0;Goiás;Não tinham;0.2
1505;2012.0;Distrito Federal;Rede coletora;88.2
1506;2012.0;Distrito Federal;Fossa séptica;9.3
1507;2012.0;Distrito Federal;Fossa rudimentar;2.3
1508;2012.0;Distrito Federal;Vala;0.0
1509;2012.0;Distrito Federal;Direto para rio, lago ou mar;0.0
1510;2012.0;Distrito Federal;Outro tipo;0.0
1511;2012.0;Distrito Federal;Não tinham;0.2
1512;2013.0;Rondônia;Rede coletora;12.8
1513;2013.0;Rondônia;Fossa séptica;30.6
1514;2013.0;Rondônia;Fossa rudimentar;54.7
1515;2013.0;Rondônia;Vala;0.4
1516;2013.0;Rondônia;Direto para rio, lago ou mar;0.4
1517;2013.0;Rondônia;Outro tipo;0.0
1518;2013.0;Rondônia;Não tinham;1.1
1519;2013.0;Acre;Rede coletora;27.0
1520;2013.0;Acre;Fossa séptica;42.1
1521;2013.0;Acre;Fossa rudimentar;11.6
1522;2013.0;Acre;Vala;6.5
1523;2013.0;Acre;Direto para rio, lago ou mar;2.5
1524;2013.0;Acre;Outro tipo;0.0
1525;2013.0;Acre;Não tinham;10.3
1526;2013.0;Amazonas;Rede coletora;35.0
1527;2013.0;Amazonas;Fossa séptica;33.1
1528;2013.0;Amazonas;Fossa rudimentar;17.3
1529;2013.0;Amazonas;Vala;2.9
1530;2013.0;Amazonas;Direto para rio, lago ou mar;8.9
1531;2013.0;Amazonas;Outro tipo;0.6
1532;2013.0;Amazonas;Não tinham;2.2
1533;2013.0;Roraima;Rede coletora;22.1
1534;2013.0;Roraima;Fossa séptica;73.6
1535;2013.0;Roraima;Fossa rudimentar;1.4
1536;2013.0;Roraima;Vala;0.3
1537;2013.0;Roraima;Direto para rio, lago ou mar;0.0
1538;2013.0;Roraima;Outro tipo;0.1
1539;2013.0;Roraima;Não tinham;2.5
1540;2013.0;Pará;Rede coletora;9.2
1541;2013.0;Pará;Fossa séptica;59.7
1542;2013.0;Pará;Fossa rudimentar;25.6
1543;2013.0;Pará;Vala;2.1
1544;2013.0;Pará;Direto para rio, lago ou mar;0.8
1545;2013.0;Pará;Outro tipo;0.0
1546;2013.0;Pará;Não tinham;2.6
1547;2013.0;Amapá;Rede coletora;3.1
1548;2013.0;Amapá;Fossa séptica;33.7
1549;2013.0;Amapá;Fossa rudimentar;46.6
1550;2013.0;Amapá;Vala;7.9
1551;2013.0;Amapá;Direto para rio, lago ou mar;6.2
1552;2013.0;Amapá;Outro tipo;0.0
1553;2013.0;Amapá;Não tinham;2.6
1554;2013.0;Tocantins;Rede coletora;19.4
1555;2013.0;Tocantins;Fossa séptica;25.8
1556;2013.0;Tocantins;Fossa rudimentar;52.9
1557;2013.0;Tocantins;Vala;0.6
1558;2013.0;Tocantins;Direto para rio, lago ou mar;0.2
1559;2013.0;Tocantins;Outro tipo;0.0
1560;2013.0;Tocantins;Não tinham;1.1
1561;2013.0;Maranhão;Rede coletora;16.0
1562;2013.0;Maranhão;Fossa séptica;48.8
1563;2013.0;Maranhão;Fossa rudimentar;25.1
1564;2013.0;Maranhão;Vala;1.3
1565;2013.0;Maranhão;Direto para rio, lago ou mar;0.6
1566;2013.0;Maranhão;Outro tipo;0.2
1567;2013.0;Maranhão;Não tinham;7.8
1568;2013.0;Piauí;Rede coletora;2.4
1569;2013.0;Piauí;Fossa séptica;92.2
1570;2013.0;Piauí;Fossa rudimentar;2.3
1571;2013.0;Piauí;Vala;0.1
1572;2013.0;Piauí;Direto para rio, lago ou mar;0.0
1573;2013.0;Piauí;Outro tipo;0.3
1574;2013.0;Piauí;Não tinham;2.7
1575;2013.0;Ceará;Rede coletora;47.4
1576;2013.0;Ceará;Fossa séptica;16.1
1577;2013.0;Ceará;Fossa rudimentar;34.4
1578;2013.0;Ceará;Vala;0.5
1579;2013.0;Ceará;Direto para rio, lago ou mar;0.4
1580;2013.0;Ceará;Outro tipo;0.1
1581;2013.0;Ceará;Não tinham;1.1
1582;2013.0;Rio Grande do Norte;Rede coletora;24.8
1583;2013.0;Rio Grande do Norte;Fossa séptica;41.9
1584;2013.0;Rio Grande do Norte;Fossa rudimentar;31.2
1585;2013.0;Rio Grande do Norte;Vala;1.4
1586;2013.0;Rio Grande do Norte;Direto para rio, lago ou mar;0.3
1587;2013.0;Rio Grande do Norte;Outro tipo;0.0
1588;2013.0;Rio Grande do Norte;Não tinham;0.5
1589;2013.0;Paraíba;Rede coletora;63.0
1590;2013.0;Paraíba;Fossa séptica;10.2
1591;2013.0;Paraíba;Fossa rudimentar;23.5
1592;2013.0;Paraíba;Vala;2.1
1593;2013.0;Paraíba;Direto para rio, lago ou mar;0.3
1594;2013.0;Paraíba;Outro tipo;0.1
1595;2013.0;Paraíba;Não tinham;0.8
1596;2013.0;Pernambuco;Rede coletora;57.2
1597;2013.0;Pernambuco;Fossa séptica;11.3
1598;2013.0;Pernambuco;Fossa rudimentar;26.3
1599;2013.0;Pernambuco;Vala;2.4
1600;2013.0;Pernambuco;Direto para rio, lago ou mar;1.8
1601;2013.0;Pernambuco;Outro tipo;0.2
1602;2013.0;Pernambuco;Não tinham;0.8
1603;2013.0;Alagoas;Rede coletora;24.9
1604;2013.0;Alagoas;Fossa séptica;13.3
1605;2013.0;Alagoas;Fossa rudimentar;54.4
1606;2013.0;Alagoas;Vala;3.5
1607;2013.0;Alagoas;Direto para rio, lago ou mar;2.4
1608;2013.0;Alagoas;Outro tipo;0.2
1609;2013.0;Alagoas;Não tinham;1.3
1610;2013.0;Sergipe;Rede coletora;58.7
1611;2013.0;Sergipe;Fossa séptica;15.1
1612;2013.0;Sergipe;Fossa rudimentar;24.0
1613;2013.0;Sergipe;Vala;0.7
1614;2013.0;Sergipe;Direto para rio, lago ou mar;1.0
1615;2013.0;Sergipe;Outro tipo;0.1
1616;2013.0;Sergipe;Não tinham;0.3
1617;2013.0;Bahia;Rede coletora;63.9
1618;2013.0;Bahia;Fossa séptica;12.2
1619;2013.0;Bahia;Fossa rudimentar;20.5
1620;2013.0;Bahia;Vala;0.7
1621;2013.0;Bahia;Direto para rio, lago ou mar;1.4
1622;2013.0;Bahia;Outro tipo;0.1
1623;2013.0;Bahia;Não tinham;1.2
1624;2013.0;Minas Gerais;Rede coletora;89.2
1625;2013.0;Minas Gerais;Fossa séptica;2.4
1626;2013.0;Minas Gerais;Fossa rudimentar;5.8
1627;2013.0;Minas Gerais;Vala;0.2
1628;2013.0;Minas Gerais;Direto para rio, lago ou mar;2.2
1629;2013.0;Minas Gerais;Outro tipo;0.0
1630;2013.0;Minas Gerais;Não tinham;0.3
1631;2013.0;Espírito Santo;Rede coletora;89.5
1632;2013.0;Espírito Santo;Fossa séptica;5.2
1633;2013.0;Espírito Santo;Fossa rudimentar;3.3
1634;2013.0;Espírito Santo;Vala;0.8
1635;2013.0;Espírito Santo;Direto para rio, lago ou mar;1.2
1636;2013.0;Espírito Santo;Outro tipo;0.0
1637;2013.0;Espírito Santo;Não tinham;0.1
1638;2013.0;Rio de Janeiro;Rede coletora;80.9
1639;2013.0;Rio de Janeiro;Fossa séptica;12.5
1640;2013.0;Rio de Janeiro;Fossa rudimentar;1.9
1641;2013.0;Rio de Janeiro;Vala;2.0
1642;2013.0;Rio de Janeiro;Direto para rio, lago ou mar;2.4
1643;2013.0;Rio de Janeiro;Outro tipo;0.1
1644;2013.0;Rio de Janeiro;Não tinham;0.3
1645;2013.0;São Paulo;Rede coletora;94.6
1646;2013.0;São Paulo;Fossa séptica;2.8
1647;2013.0;São Paulo;Fossa rudimentar;0.8
1648;2013.0;São Paulo;Vala;0.4
1649;2013.0;São Paulo;Direto para rio, lago ou mar;1.1
1650;2013.0;São Paulo;Outro tipo;0.0
1651;2013.0;São Paulo;Não tinham;0.2
1652;2013.0;Paraná;Rede coletora;67.3
1653;2013.0;Paraná;Fossa séptica;17.3
1654;2013.0;Paraná;Fossa rudimentar;14.6
1655;2013.0;Paraná;Vala;0.3
1656;2013.0;Paraná;Direto para rio, lago ou mar;0.3
1657;2013.0;Paraná;Outro tipo;0.0
1658;2013.0;Paraná;Não tinham;0.2
1659;2013.0;Santa Catarina;Rede coletora;25.0
1660;2013.0;Santa Catarina;Fossa séptica;58.1
1661;2013.0;Santa Catarina;Fossa rudimentar;15.0
1662;2013.0;Santa Catarina;Vala;0.9
1663;2013.0;Santa Catarina;Direto para rio, lago ou mar;0.4
1664;2013.0;Santa Catarina;Outro tipo;0.1
1665;2013.0;Santa Catarina;Não tinham;0.5
1666;2013.0;Rio Grande do Sul;Rede coletora;44.8
1667;2013.0;Rio Grande do Sul;Fossa séptica;44.2
1668;2013.0;Rio Grande do Sul;Fossa rudimentar;7.6
1669;2013.0;Rio Grande do Sul;Vala;1.7
1670;2013.0;Rio Grande do Sul;Direto para rio, lago ou mar;1.4
1671;2013.0;Rio Grande do Sul;Outro tipo;0.0
1672;2013.0;Rio Grande do Sul;Não tinham;0.4
1673;2013.0;Mato Grosso do Sul;Rede coletora;31.6
1674;2013.0;Mato Grosso do Sul;Fossa séptica;24.1
1675;2013.0;Mato Grosso do Sul;Fossa rudimentar;44.0
1676;2013.0;Mato Grosso do Sul;Vala;0.0
1677;2013.0;Mato Grosso do Sul;Direto para rio, lago ou mar;0.0
1678;2013.0;Mato Grosso do Sul;Outro tipo;0.0
1679;2013.0;Mato Grosso do Sul;Não tinham;0.3
1680;2013.0;Mato Grosso;Rede coletora;29.1
1681;2013.0;Mato Grosso;Fossa séptica;13.3
1682;2013.0;Mato Grosso;Fossa rudimentar;57.0
1683;2013.0;Mato Grosso;Vala;0.0
1684;2013.0;Mato Grosso;Direto para rio, lago ou mar;0.3
1685;2013.0;Mato Grosso;Outro tipo;0.1
1686;2013.0;Mato Grosso;Não tinham;0.2
1687;2013.0;Goiás;Rede coletora;45.3
1688;2013.0;Goiás;Fossa séptica;15.2
1689;2013.0;Goiás;Fossa rudimentar;39.3
1690;2013.0;Goiás;Vala;0.0
1691;2013.0;Goiás;Direto para rio, lago ou mar;0.1
1692;2013.0;Goiás;Outro tipo;0.0
1693;2013.0;Goiás;Não tinham;0.2
1694;2013.0;Distrito Federal;Rede coletora;91.0
1695;2013.0;Distrito Federal;Fossa séptica;6.8
1696;2013.0;Distrito Federal;Fossa rudimentar;2.1
1697;2013.0;Distrito Federal;Vala;0.0
1698;2013.0;Distrito Federal;Direto para rio, lago ou mar;0.0
1699;2013.0;Distrito Federal;Outro tipo;0.0
1700;2013.0;Distrito Federal;Não tinham;0.1
1701;2014.0;Rondônia;Rede coletora;7.9
1702;2014.0;Rondônia;Fossa séptica;40.1
1703;2014.0;Rondônia;Fossa rudimentar;50.4
1704;2014.0;Rondônia;Vala;0.3
1705;2014.0;Rondônia;Direto para rio, lago ou mar;0.3
1706;2014.0;Rondônia;Outro tipo;0.0
1707;2014.0;Rondônia;Não tinham;0.9
1708;2014.0;Acre;Rede coletora;29.6
1709;2014.0;Acre;Fossa séptica;37.8
1710;2014.0;Acre;Fossa rudimentar;13.2
1711;2014.0;Acre;Vala;10.1
1712;2014.0;Acre;Direto para rio, lago ou mar;3.4
1713;2014.0;Acre;Outro tipo;0.1
1714;2014.0;Acre;Não tinham;5.8
1715;2014.0;Amazonas;Rede coletora;30.0
1716;2014.0;Amazonas;Fossa séptica;48.5
1717;2014.0;Amazonas;Fossa rudimentar;7.2
1718;2014.0;Amazonas;Vala;2.2
1719;2014.0;Amazonas;Direto para rio, lago ou mar;9.4
1720;2014.0;Amazonas;Outro tipo;0.6
1721;2014.0;Amazonas;Não tinham;2.0
1722;2014.0;Roraima;Rede coletora;21.3
1723;2014.0;Roraima;Fossa séptica;72.7
1724;2014.0;Roraima;Fossa rudimentar;5.0
1725;2014.0;Roraima;Vala;0.2
1726;2014.0;Roraima;Direto para rio, lago ou mar;0.0
1727;2014.0;Roraima;Outro tipo;0.0
1728;2014.0;Roraima;Não tinham;0.8
1729;2014.0;Pará;Rede coletora;6.9
1730;2014.0;Pará;Fossa séptica;52.4
1731;2014.0;Pará;Fossa rudimentar;36.0
1732;2014.0;Pará;Vala;1.4
1733;2014.0;Pará;Direto para rio, lago ou mar;1.1
1734;2014.0;Pará;Outro tipo;0.2
1735;2014.0;Pará;Não tinham;2.0
1736;2014.0;Amapá;Rede coletora;4.0
1737;2014.0;Amapá;Fossa séptica;36.6
1738;2014.0;Amapá;Fossa rudimentar;41.0
1739;2014.0;Amapá;Vala;7.8
1740;2014.0;Amapá;Direto para rio, lago ou mar;8.7
1741;2014.0;Amapá;Outro tipo;0.0
1742;2014.0;Amapá;Não tinham;1.9
1743;2014.0;Tocantins;Rede coletora;27.6
1744;2014.0;Tocantins;Fossa séptica;26.1
1745;2014.0;Tocantins;Fossa rudimentar;44.5
1746;2014.0;Tocantins;Vala;0.7
1747;2014.0;Tocantins;Direto para rio, lago ou mar;0.1
1748;2014.0;Tocantins;Outro tipo;0.1
1749;2014.0;Tocantins;Não tinham;0.8
1750;2014.0;Maranhão;Rede coletora;14.7
1751;2014.0;Maranhão;Fossa séptica;44.6
1752;2014.0;Maranhão;Fossa rudimentar;31.9
1753;2014.0;Maranhão;Vala;0.9
1754;2014.0;Maranhão;Direto para rio, lago ou mar;0.6
1755;2014.0;Maranhão;Outro tipo;0.2
1756;2014.0;Maranhão;Não tinham;7.2
1757;2014.0;Piauí;Rede coletora;5.8
1758;2014.0;Piauí;Fossa séptica;88.8
1759;2014.0;Piauí;Fossa rudimentar;1.6
1760;2014.0;Piauí;Vala;0.0
1761;2014.0;Piauí;Direto para rio, lago ou mar;0.5
1762;2014.0;Piauí;Outro tipo;0.0
1763;2014.0;Piauí;Não tinham;3.1
1764;2014.0;Ceará;Rede coletora;45.6
1765;2014.0;Ceará;Fossa séptica;11.7
1766;2014.0;Ceará;Fossa rudimentar;40.1
1767;2014.0;Ceará;Vala;0.9
1768;2014.0;Ceará;Direto para rio, lago ou mar;0.5
1769;2014.0;Ceará;Outro tipo;0.7
1770;2014.0;Ceará;Não tinham;0.6
1771;2014.0;Rio Grande do Norte;Rede coletora;27.5
1772;2014.0;Rio Grande do Norte;Fossa séptica;47.5
1773;2014.0;Rio Grande do Norte;Fossa rudimentar;23.9
1774;2014.0;Rio Grande do Norte;Vala;0.2
1775;2014.0;Rio Grande do Norte;Direto para rio, lago ou mar;0.2
1776;2014.0;Rio Grande do Norte;Outro tipo;0.1
1777;2014.0;Rio Grande do Norte;Não tinham;0.5
1778;2014.0;Paraíba;Rede coletora;62.5
1779;2014.0;Paraíba;Fossa séptica;21.3
1780;2014.0;Paraíba;Fossa rudimentar;13.4
1781;2014.0;Paraíba;Vala;1.6
1782;2014.0;Paraíba;Direto para rio, lago ou mar;0.7
1783;2014.0;Paraíba;Outro tipo;0.0
1784;2014.0;Paraíba;Não tinham;0.6
1785;2014.0;Pernambuco;Rede coletora;57.8
1786;2014.0;Pernambuco;Fossa séptica;16.3
1787;2014.0;Pernambuco;Fossa rudimentar;20.4
1788;2014.0;Pernambuco;Vala;2.5
1789;2014.0;Pernambuco;Direto para rio, lago ou mar;2.0
1790;2014.0;Pernambuco;Outro tipo;0.1
1791;2014.0;Pernambuco;Não tinham;0.9
1792;2014.0;Alagoas;Rede coletora;25.5
1793;2014.0;Alagoas;Fossa séptica;42.2
1794;2014.0;Alagoas;Fossa rudimentar;27.8
1795;2014.0;Alagoas;Vala;1.6
1796;2014.0;Alagoas;Direto para rio, lago ou mar;1.8
1797;2014.0;Alagoas;Outro tipo;0.1
1798;2014.0;Alagoas;Não tinham;1.1
1799;2014.0;Sergipe;Rede coletora;55.7
1800;2014.0;Sergipe;Fossa séptica;13.5
1801;2014.0;Sergipe;Fossa rudimentar;28.8
1802;2014.0;Sergipe;Vala;0.4
1803;2014.0;Sergipe;Direto para rio, lago ou mar;1.0
1804;2014.0;Sergipe;Outro tipo;0.3
1805;2014.0;Sergipe;Não tinham;0.3
1806;2014.0;Bahia;Rede coletora;66.7
1807;2014.0;Bahia;Fossa séptica;12.3
1808;2014.0;Bahia;Fossa rudimentar;17.5
1809;2014.0;Bahia;Vala;1.0
1810;2014.0;Bahia;Direto para rio, lago ou mar;1.5
1811;2014.0;Bahia;Outro tipo;0.1
1812;2014.0;Bahia;Não tinham;1.0
1813;2014.0;Minas Gerais;Rede coletora;89.8
1814;2014.0;Minas Gerais;Fossa séptica;2.2
1815;2014.0;Minas Gerais;Fossa rudimentar;5.9
1816;2014.0;Minas Gerais;Vala;0.2
1817;2014.0;Minas Gerais;Direto para rio, lago ou mar;1.6
1818;2014.0;Minas Gerais;Outro tipo;0.1
1819;2014.0;Minas Gerais;Não tinham;0.2
1820;2014.0;Espírito Santo;Rede coletora;85.7
1821;2014.0;Espírito Santo;Fossa séptica;7.1
1822;2014.0;Espírito Santo;Fossa rudimentar;2.1
1823;2014.0;Espírito Santo;Vala;1.8
1824;2014.0;Espírito Santo;Direto para rio, lago ou mar;3.2
1825;2014.0;Espírito Santo;Outro tipo;0.0
1826;2014.0;Espírito Santo;Não tinham;0.0
1827;2014.0;Rio de Janeiro;Rede coletora;84.1
1828;2014.0;Rio de Janeiro;Fossa séptica;8.5
1829;2014.0;Rio de Janeiro;Fossa rudimentar;1.6
1830;2014.0;Rio de Janeiro;Vala;3.3
1831;2014.0;Rio de Janeiro;Direto para rio, lago ou mar;2.1
1832;2014.0;Rio de Janeiro;Outro tipo;0.1
1833;2014.0;Rio de Janeiro;Não tinham;0.3
1834;2014.0;São Paulo;Rede coletora;92.4
1835;2014.0;São Paulo;Fossa séptica;4.2
1836;2014.0;São Paulo;Fossa rudimentar;1.9
1837;2014.0;São Paulo;Vala;0.3
1838;2014.0;São Paulo;Direto para rio, lago ou mar;1.0
1839;2014.0;São Paulo;Outro tipo;0.1
1840;2014.0;São Paulo;Não tinham;0.1
1841;2014.0;Paraná;Rede coletora;69.1
1842;2014.0;Paraná;Fossa séptica;12.8
1843;2014.0;Paraná;Fossa rudimentar;17.6
1844;2014.0;Paraná;Vala;0.1
1845;2014.0;Paraná;Direto para rio, lago ou mar;0.2
1846;2014.0;Paraná;Outro tipo;0.0
1847;2014.0;Paraná;Não tinham;0.3
1848;2014.0;Santa Catarina;Rede coletora;28.6
1849;2014.0;Santa Catarina;Fossa séptica;60.3
1850;2014.0;Santa Catarina;Fossa rudimentar;10.2
1851;2014.0;Santa Catarina;Vala;0.7
1852;2014.0;Santa Catarina;Direto para rio, lago ou mar;0.1
1853;2014.0;Santa Catarina;Outro tipo;0.1
1854;2014.0;Santa Catarina;Não tinham;0.1
1855;2014.0;Rio Grande do Sul;Rede coletora;38.5
1856;2014.0;Rio Grande do Sul;Fossa séptica;49.9
1857;2014.0;Rio Grande do Sul;Fossa rudimentar;8.5
1858;2014.0;Rio Grande do Sul;Vala;1.7
1859;2014.0;Rio Grande do Sul;Direto para rio, lago ou mar;1.1
1860;2014.0;Rio Grande do Sul;Outro tipo;0.1
1861;2014.0;Rio Grande do Sul;Não tinham;0.3
1862;2014.0;Mato Grosso do Sul;Rede coletora;33.0
1863;2014.0;Mato Grosso do Sul;Fossa séptica;7.9
1864;2014.0;Mato Grosso do Sul;Fossa rudimentar;58.8
1865;2014.0;Mato Grosso do Sul;Vala;0.0
1866;2014.0;Mato Grosso do Sul;Direto para rio, lago ou mar;0.0
1867;2014.0;Mato Grosso do Sul;Outro tipo;0.0
1868;2014.0;Mato Grosso do Sul;Não tinham;0.3
1869;2014.0;Mato Grosso;Rede coletora;26.6
1870;2014.0;Mato Grosso;Fossa séptica;23.2
1871;2014.0;Mato Grosso;Fossa rudimentar;49.5
1872;2014.0;Mato Grosso;Vala;0.0
1873;2014.0;Mato Grosso;Direto para rio, lago ou mar;0.1
1874;2014.0;Mato Grosso;Outro tipo;0.1
1875;2014.0;Mato Grosso;Não tinham;0.4
1876;2014.0;Goiás;Rede coletora;43.5
1877;2014.0;Goiás;Fossa séptica;21.2
1878;2014.0;Goiás;Fossa rudimentar;35.0
1879;2014.0;Goiás;Vala;0.0
1880;2014.0;Goiás;Direto para rio, lago ou mar;0.1
1881;2014.0;Goiás;Outro tipo;0.0
1882;2014.0;Goiás;Não tinham;0.1
1883;2014.0;Distrito Federal;Rede coletora;84.1
1884;2014.0;Distrito Federal;Fossa séptica;13.3
1885;2014.0;Distrito Federal;Fossa rudimentar;2.4
1886;2014.0;Distrito Federal;Vala;0.0
1887;2014.0;Distrito Federal;Direto para rio, lago ou mar;0.0
1888;2014.0;Distrito Federal;Outro tipo;0.0
1889;2014.0;Distrito Federal;Não tinham;0.1
1890;2015.0;Rondônia;Rede coletora;10.1
1891;2015.0;Rondônia;Fossa séptica;45.2
1892;2015.0;Rondônia;Fossa rudimentar;43.7
1893;2015.0;Rondônia;Vala;0.1
1894;2015.0;Rondônia;Direto para rio, lago ou mar;0.3
1895;2015.0;Rondônia;Outro tipo;0.0
1896;2015.0;Rondônia;Não tinham;0.6
1897;2015.0;Acre;Rede coletora;37.8
1898;2015.0;Acre;Fossa séptica;34.6
1899;2015.0;Acre;Fossa rudimentar;12.3
1900;2015.0;Acre;Vala;8.2
1901;2015.0;Acre;Direto para rio, lago ou mar;2.8
1902;2015.0;Acre;Outro tipo;0.0
1903;2015.0;Acre;Não tinham;4.2
1904;2015.0;Amazonas;Rede coletora;30.5
1905;2015.0;Amazonas;Fossa séptica;47.0
1906;2015.0;Amazonas;Fossa rudimentar;8.1
1907;2015.0;Amazonas;Vala;2.8
1908;2015.0;Amazonas;Direto para rio, lago ou mar;9.0
1909;2015.0;Amazonas;Outro tipo;0.5
1910;2015.0;Amazonas;Não tinham;2.1
1911;2015.0;Roraima;Rede coletora;31.7
1912;2015.0;Roraima;Fossa séptica;66.9
1913;2015.0;Roraima;Fossa rudimentar;0.5
1914;2015.0;Roraima;Vala;0.1
1915;2015.0;Roraima;Direto para rio, lago ou mar;0.0
1916;2015.0;Roraima;Outro tipo;0.7
1917;2015.0;Roraima;Não tinham;0.1
1918;2015.0;Pará;Rede coletora;6.4
1919;2015.0;Pará;Fossa séptica;67.9
1920;2015.0;Pará;Fossa rudimentar;21.1
1921;2015.0;Pará;Vala;2.3
1922;2015.0;Pará;Direto para rio, lago ou mar;0.6
1923;2015.0;Pará;Outro tipo;0.1
1924;2015.0;Pará;Não tinham;1.6
1925;2015.0;Amapá;Rede coletora;5.7
1926;2015.0;Amapá;Fossa séptica;11.5
1927;2015.0;Amapá;Fossa rudimentar;66.7
1928;2015.0;Amapá;Vala;1.9
1929;2015.0;Amapá;Direto para rio, lago ou mar;11.1
1930;2015.0;Amapá;Outro tipo;0.0
1931;2015.0;Amapá;Não tinham;3.1
1932;2015.0;Tocantins;Rede coletora;30.5
1933;2015.0;Tocantins;Fossa séptica;41.0
1934;2015.0;Tocantins;Fossa rudimentar;28.2
1935;2015.0;Tocantins;Vala;0.0
1936;2015.0;Tocantins;Direto para rio, lago ou mar;0.1
1937;2015.0;Tocantins;Outro tipo;0.0
1938;2015.0;Tocantins;Não tinham;0.2
1939;2015.0;Maranhão;Rede coletora;69.3
1940;2015.0;Maranhão;Fossa séptica;15.0
1941;2015.0;Maranhão;Fossa rudimentar;13.7
1942;2015.0;Maranhão;Vala;0.9
1943;2015.0;Maranhão;Direto para rio, lago ou mar;0.5
1944;2015.0;Maranhão;Outro tipo;0.1
1945;2015.0;Maranhão;Não tinham;0.5
1946;2015.0;Piauí;Rede coletora;21.8
1947;2015.0;Piauí;Fossa séptica;48.9
1948;2015.0;Piauí;Fossa rudimentar;17.9
1949;2015.0;Piauí;Vala;2.4
1950;2015.0;Piauí;Direto para rio, lago ou mar;0.4
1951;2015.0;Piauí;Outro tipo;0.2
1952;2015.0;Piauí;Não tinham;8.5
1953;2015.0;Ceará;Rede coletora;3.3
1954;2015.0;Ceará;Fossa séptica;93.7
1955;2015.0;Ceará;Fossa rudimentar;0.9
1956;2015.0;Ceará;Vala;0.0
1957;2015.0;Ceará;Direto para rio, lago ou mar;0.2
1958;2015.0;Ceará;Outro tipo;0.3
1959;2015.0;Ceará;Não tinham;1.7
1960;2015.0;Rio Grande do Norte;Rede coletora;43.8
1961;2015.0;Rio Grande do Norte;Fossa séptica;20.0
1962;2015.0;Rio Grande do Norte;Fossa rudimentar;33.9
1963;2015.0;Rio Grande do Norte;Vala;0.7
1964;2015.0;Rio Grande do Norte;Direto para rio, lago ou mar;0.9
1965;2015.0;Rio Grande do Norte;Outro tipo;0.0
1966;2015.0;Rio Grande do Norte;Não tinham;0.7
1967;2015.0;Paraíba;Rede coletora;28.4
1968;2015.0;Paraíba;Fossa séptica;40.5
1969;2015.0;Paraíba;Fossa rudimentar;30.0
1970;2015.0;Paraíba;Vala;0.6
1971;2015.0;Paraíba;Direto para rio, lago ou mar;0.1
1972;2015.0;Paraíba;Outro tipo;0.0
1973;2015.0;Paraíba;Não tinham;0.4
1974;2015.0;Pernambuco;Rede coletora;59.7
1975;2015.0;Pernambuco;Fossa séptica;22.4
1976;2015.0;Pernambuco;Fossa rudimentar;15.3
1977;2015.0;Pernambuco;Vala;1.8
1978;2015.0;Pernambuco;Direto para rio, lago ou mar;0.1
1979;2015.0;Pernambuco;Outro tipo;0.1
1980;2015.0;Pernambuco;Não tinham;0.5
1981;2015.0;Alagoas;Rede coletora;55.8
1982;2015.0;Alagoas;Fossa séptica;21.9
1983;2015.0;Alagoas;Fossa rudimentar;15.7
1984;2015.0;Alagoas;Vala;2.9
1985;2015.0;Alagoas;Direto para rio, lago ou mar;2.9
1986;2015.0;Alagoas;Outro tipo;0.1
1987;2015.0;Alagoas;Não tinham;0.6
1988;2015.0;Sergipe;Rede coletora;26.4
1989;2015.0;Sergipe;Fossa séptica;36.3
1990;2015.0;Sergipe;Fossa rudimentar;32.0
1991;2015.0;Sergipe;Vala;4.5
1992;2015.0;Sergipe;Direto para rio, lago ou mar;0.3
1993;2015.0;Sergipe;Outro tipo;0.0
1994;2015.0;Sergipe;Não tinham;0.5
1995;2015.0;Bahia;Rede coletora;53.4
1996;2015.0;Bahia;Fossa séptica;28.2
1997;2015.0;Bahia;Fossa rudimentar;17.1
1998;2015.0;Bahia;Vala;0.7
1999;2015.0;Bahia;Direto para rio, lago ou mar;0.5
2000;2015.0;Bahia;Outro tipo;0.0
2001;2015.0;Bahia;Não tinham;0.1
2002;2015.0;Minas Gerais;Rede coletora;89.2
2003;2015.0;Minas Gerais;Fossa séptica;2.9
2004;2015.0;Minas Gerais;Fossa rudimentar;5.3
2005;2015.0;Minas Gerais;Vala;0.2
2006;2015.0;Minas Gerais;Direto para rio, lago ou mar;2.2
2007;2015.0;Minas Gerais;Outro tipo;0.0
2008;2015.0;Minas Gerais;Não tinham;0.2
2009;2015.0;Espírito Santo;Rede coletora;87.6
2010;2015.0;Espírito Santo;Fossa séptica;4.9
2011;2015.0;Espírito Santo;Fossa rudimentar;2.1
2012;2015.0;Espírito Santo;Vala;1.1
2013;2015.0;Espírito Santo;Direto para rio, lago ou mar;3.8
2014;2015.0;Espírito Santo;Outro tipo;0.1
2015;2015.0;Espírito Santo;Não tinham;0.3
2016;2015.0;Rio de Janeiro;Rede coletora;82.6
2017;2015.0;Rio de Janeiro;Fossa séptica;12.1
2018;2015.0;Rio de Janeiro;Fossa rudimentar;1.4
2019;2015.0;Rio de Janeiro;Vala;1.8
2020;2015.0;Rio de Janeiro;Direto para rio, lago ou mar;1.7
2021;2015.0;Rio de Janeiro;Outro tipo;0.1
2022;2015.0;Rio de Janeiro;Não tinham;0.2
2023;2015.0;São Paulo;Rede coletora;93.9
2024;2015.0;São Paulo;Fossa séptica;3.7
2025;2015.0;São Paulo;Fossa rudimentar;1.1
2026;2015.0;São Paulo;Vala;0.2
2027;2015.0;São Paulo;Direto para rio, lago ou mar;0.9
2028;2015.0;São Paulo;Outro tipo;0.0
2029;2015.0;São Paulo;Não tinham;0.1
2030;2015.0;Paraná;Rede coletora;72.5
2031;2015.0;Paraná;Fossa séptica;16.4
2032;2015.0;Paraná;Fossa rudimentar;10.5
2033;2015.0;Paraná;Vala;0.2
2034;2015.0;Paraná;Direto para rio, lago ou mar;0.2
2035;2015.0;Paraná;Outro tipo;0.0
2036;2015.0;Paraná;Não tinham;0.2
2037;2015.0;Santa Catarina;Rede coletora;42.8
2038;2015.0;Santa Catarina;Fossa séptica;50.6
2039;2015.0;Santa Catarina;Fossa rudimentar;5.7
2040;2015.0;Santa Catarina;Vala;0.3
2041;2015.0;Santa Catarina;Direto para rio, lago ou mar;0.4
2042;2015.0;Santa Catarina;Outro tipo;0.1
2043;2015.0;Santa Catarina;Não tinham;0.2
2044;2015.0;Rio Grande do Sul;Rede coletora;45.0
2045;2015.0;Rio Grande do Sul;Fossa séptica;47.8
2046;2015.0;Rio Grande do Sul;Fossa rudimentar;4.7
2047;2015.0;Rio Grande do Sul;Vala;1.2
2048;2015.0;Rio Grande do Sul;Direto para rio, lago ou mar;1.0
2049;2015.0;Rio Grande do Sul;Outro tipo;0.1
2050;2015.0;Rio Grande do Sul;Não tinham;0.2
2051;2015.0;Mato Grosso do Sul;Rede coletora;42.5
2052;2015.0;Mato Grosso do Sul;Fossa séptica;10.7
2053;2015.0;Mato Grosso do Sul;Fossa rudimentar;46.6
2054;2015.0;Mato Grosso do Sul;Vala;0.0
2055;2015.0;Mato Grosso do Sul;Direto para rio, lago ou mar;0.0
2056;2015.0;Mato Grosso do Sul;Outro tipo;0.0
2057;2015.0;Mato Grosso do Sul;Não tinham;0.2
2058;2015.0;Mato Grosso;Rede coletora;25.5
2059;2015.0;Mato Grosso;Fossa séptica;35.1
2060;2015.0;Mato Grosso;Fossa rudimentar;38.8
2061;2015.0;Mato Grosso;Vala;0.2
2062;2015.0;Mato Grosso;Direto para rio, lago ou mar;0.1
2063;2015.0;Mato Grosso;Outro tipo;0.0
2064;2015.0;Mato Grosso;Não tinham;0.3
2065;2015.0;Goiás;Rede coletora;48.5
2066;2015.0;Goiás;Fossa séptica;32.7
2067;2015.0;Goiás;Fossa rudimentar;18.6
2068;2015.0;Goiás;Vala;0.0
2069;2015.0;Goiás;Direto para rio, lago ou mar;0.0
2070;2015.0;Goiás;Outro tipo;0.0
2071;2015.0;Goiás;Não tinham;0.1
2072;2015.0;Distrito Federal;Rede coletora;87.4
2073;2015.0;Distrito Federal;Fossa séptica;9.7
2074;2015.0;Distrito Federal;Fossa rudimentar;2.8
2075;2015.0;Distrito Federal;Vala;0.0
2076;2015.0;Distrito Federal;Direto para rio, lago ou mar;0.0
2077;2015.0;Distrito Federal;Outro tipo;0.0
2078;2015.0;Distrito Federal;Não tinham;0.1
